Term,es,nes,pval,fdr,geneset_size,matched_size,genes,ledge_genes
SPERMATID DEVELOPMENT%GOBP%GO:0007286,-0.8287042068237201,-1.713686234803286,0.0,0.03437189832995296,61,15,22446;22445;331416;100039065;100039030;546272;100043216;18011;100042109;627081;27084;574437;27083;22441;70691,70691
SPERMATID DIFFERENTIATION%GOBP%GO:0048515,-0.8287042068237201,-1.6537963090982024,0.009433962264150943,0.03666335821861649,64,15,22446;22445;331416;100039065;100039030;546272;100043216;18011;100042109;627081;27084;574437;27083;22441;70691,70691
DEVELOPMENTAL PROCESS INVOLVED IN REPRODUCTION%GOBP%GO:0003006,-0.7927944590025794,-1.6394984332166884,0.0,0.03861534256821876,167,18,22061;75801;22446;22445;331416;72807;100039065;100039030;546272;100043216;18011;100042109;627081;27084;574437;27083;22441;70691,70691
HEMATOPOIETIC OR LYMPHOID ORGAN DEVELOPMENT%GOBP%GO:0048534,-0.7338416462946463,-1.6253573719562926,0.0,0.03964589331179759,184,21,399568;319146;12484;243958;100041379;244234;546980;218921;545652;214766;15122;18829;435791;20709;545649;668208;68723;654801;545645;14381;70691,70691
GERM CELL DEVELOPMENT%GOBP%GO:0007281,-0.81354093042333,-1.6784255243256472,0.008849557522123894,0.0441318200779643,73,16,75801;22446;22445;331416;100039065;100039030;546272;100043216;18011;100042109;627081;27084;574437;27083;22441;70691,70691
CELL DEVELOPMENT%GOBP%GO:0048468,-0.7260192294053408,-1.6548195886170614,0.0,0.044556164501790875,411,26,22061;75801;12484;18991;22062;22446;22239;11924;22445;331416;15122;195208;100039065;100039030;546272;100043216;18011;100042109;627081;27084;21957;14381;574437;27083;22441;70691,70691
MEIOTIC CELL CYCLE%GOBP%GO:0051321,-0.7872630774559227,-1.6020190986490868,0.0,0.0483752643162301,71,17,195434;75801;22446;22445;331416;100039065;100039030;546272;100043216;100042109;627081;27084;381196;574437;27083;22441;70691,70691
CELLULAR PROCESS INVOLVED IN REPRODUCTION IN MULTICELLULAR ORGANISM%GOBP%GO:0022412,-0.81354093042333,-1.7200834667296498,0.0,0.06619773011694645,91,16,75801;22446;22445;331416;100039065;100039030;546272;100043216;18011;100042109;627081;27084;574437;27083;22441;70691,70691
CELLULAR RESPONSE TO CYTOKINE STIMULUS%GOBP%GO:0071345,0.8524471490150799,1.757972306519338,0.011764705882352941,0.09200189624813761,174,18,215257;240328;240327;226691;56744;15950;319146;623121;14468;69677;545652;54448;18829;21432;435791;545649;668208;545645,215257;240328;240327;226691
RESPONSE TO BACTERIUM%GOBP%GO:0009617,0.7388564619753898,1.7629305064168688,0.025,0.09508329947175943,208,23,215257;56744;436440;217304;238393;19695;12484;244202;14468;13088;116746;239081;69677;54448;246084;15122;13035;432867;219033;53973;170779;69165;20556,215257
REGULATION OF GENE EXPRESSION%GOBP%GO:0010468,0.6527598793189079,1.7450700571074296,0.0,0.09577988042027051,953,65,215257;329002;235469;56707;235682;217732;60599;76131;231866;114741;242109;193452;240064;243906;240186;72180;242466;56744;622675;228807;98403;15248;620419;20926;66869;431706;22061;75801;67255;50709;18991;22062;69677;241514;22654;11924;54448;240063;245595;214779;54388;27274;21432;76572;100041294;434423;72807;107970;235956;70887;105590;105594;52668;20555;665433;18011;278672;654801;65020;243529;94187;78321;353310;224893;50708,215257;329002;235469;56707;235682;217732;60599;76131;231866;114741;242109;193452;240064;243906;240186;72180;242466;56744;622675;228807;98403;15248;620419;20926;66869
IMMUNE RESPONSE%GOBP%GO:0006955,0.7167857755392593,1.8018443861543862,0.011904761904761904,0.100796921775618,293,37,215257;237877;26888;56744;20706;73174;319146;15024;19695;330490;12484;244202;243958;14990;14468;266815;233001;239081;69677;545652;12480;54448;243864;246084;667281;13035;18829;219033;630294;14985;435791;224754;545649;58210;668208;545645;15039,215257;237877
INNATE IMMUNE RESPONSE%GOBP%GO:0045087,0.8040207238962501,1.7662062831544343,0.0,0.10293144482498402,159,16,215257;26888;73174;330490;12484;244202;243958;14468;233001;239081;69677;54448;246084;667281;18829;219033,215257;26888
RESPONSE TO CYTOKINE%GOBP%GO:0034097,0.8334514860061937,1.832691537645932,0.0,0.10293144482498402,203,21,215257;240328;240327;226691;56744;15950;319146;628900;238393;623121;14468;69677;545652;54448;18829;21432;20704;435791;545649;668208;545645,215257;240328;240327;226691
SPERMATOGENESIS%GOBP%GO:0007283,-0.6941342446855528,-1.516603772144281,0.02654867256637168,0.10369434647689514,126,20,229227;195434;75801;22446;22445;331416;54388;107970;100039065;100039030;546272;100043216;18011;100042109;627081;27084;574437;27083;22441;70691,70691
MALE GAMETE GENERATION%GOBP%GO:0048232,-0.6941342446855528,-1.525050817896458,0.01680672268907563,0.10413412160704268,128,20,229227;195434;75801;22446;22445;331416;54388;107970;100039065;100039030;546272;100043216;18011;100042109;627081;27084;574437;27083;22441;70691,70691
INFLAMMATORY RESPONSE%GOBP%GO:0006954,0.836585885362806,1.727751705042371,0.0,0.10554030632976474,114,15,215257;56744;19695;330490;12484;244202;233001;22062;239081;75697;69677;54448;16415;18829;97895,215257
CELLULAR RESPONSE TO CHEMICAL STIMULUS%GOBP%GO:0070887,0.7452079909984514,1.7842619899059242,0.0,0.10687438323561851,611,39,215257;240328;240327;226691;60599;56744;15950;319146;217304;245195;623121;14468;13088;116746;235674;69677;545652;54448;394430;71406;13035;18829;100042295;17071;432867;219033;21432;72082;435791;72303;545649;668208;18011;545645;100041546;170639;14381;353310;246196,215257;240328;240327;226691;60599
RESPONSE TO EXTERNAL STIMULUS%GOBP%GO:0009605,0.6644372156674668,1.6324427860912523,0.011111111111111112,0.1079119986068381,483,33,215257;56744;12095;436440;217304;73244;238393;19695;245195;12484;244202;14468;13088;116746;210108;239081;246729;69677;11924;54448;246084;15122;13035;18829;432867;219033;16639;53973;170779;69165;13587;667373;20556,215257
REGULATION OF MACROMOLECULE METABOLIC PROCESS%GOBP%GO:0060255,0.6250108487913958,1.716075388512712,0.023529411764705882,0.1079119986068381,1351,98,215257;237877;329002;235469;56707;235682;217732;60599;76131;231866;382551;114741;242109;193452;240064;243906;240186;72180;14128;242466;56744;622675;228807;98403;15248;20706;620419;20926;66869;72836;319146;628900;431706;319601;22061;238393;75801;271047;12484;238395;67255;93806;50709;18991;22062;238568;246729;383548;69677;241514;22654;545652;11924;20248;54448;240063;245595;214779;54388;27274;78242;18829;20726;21432;76572;20704;100041294;434423;435791;72807;107970;74673;97848;235956;20709;545649;70887;105590;546049;105594;52668;20555;665433;668208;18011;69165;278672;20707;654801;65020;545645;243529;94187;14381;78321;353310;224893;50708,215257;237877;329002;235469;56707;235682;217732;60599;76131;231866;382551;114741;242109;193452;240064;243906;240186;72180;14128;242466;56744;622675;228807;98403;15248;20706;620419;20926;66869;72836;319146
REGULATION OF NITROGEN COMPOUND METABOLIC PROCESS%GOBP%GO:0051171,0.5837407792538171,1.5781135222817044,0.0,0.10811446014268583,1293,91,237877;329002;235469;56707;235682;217732;60599;76131;231866;382551;114741;242109;193452;240064;243906;240186;72180;242466;56744;228807;98403;15248;20706;620419;20926;66869;72836;319146;628900;431706;319601;22061;238393;75801;271047;12484;238395;67255;93806;50709;18991;22062;238568;246729;383548;22654;545652;11924;20248;240063;245595;214779;54388;27274;78242;18829;20726;21432;76572;20704;100041294;435791;72807;107970;74673;97848;235956;20709;545649;70887;105590;546049;105594;52668;20555;665433;668208;18011;69165;278672;20707;654801;65020;545645;243529;94187;14381;78321;353310;224893;50708,237877;329002;235469;56707;235682;217732;60599;76131;231866;382551;114741;242109;193452;240064;243906;240186;72180;242466;56744;228807;98403;15248;20706;620419;20926;66869;72836;319146
SIGNALING%GOBP%GO:0023052,0.5446038085760254,1.573380378791921,0.011494252873563218,0.1090978447453748,1540,91,215257;237877;76131;320640;56744;258571;258335;15248;319146;436440;320832;213438;22061;331493;258548;258336;258513;230622;623781;258323;19695;258974;257936;12484;22296;246735;22062;195564;18343;258543;237300;66786;239081;258729;259008;259051;69677;258554;545652;258438;54448;18317;243864;258765;258861;16415;258443;18373;57270;258824;258450;257941;258503;259015;18829;258304;17071;57253;113853;230623;329918;258364;258807;74556;195208;258831;435791;494124;258508;80978;387514;545649;258853;259097;52668;258454;668208;18011;258478;257662;27412;100503710;230613;258019;65020;545645;258247;100041546;170639;94187;50780,215257;237877;76131;320640;56744;258571;258335;15248;319146;436440;320832;213438
REGULATION OF CELLULAR METABOLIC PROCESS%GOBP%GO:0031323,0.5837407792538171,1.5834830782467042,0.011764705882352941,0.1096147520365318,1382,91,237877;329002;235469;56707;235682;217732;60599;76131;231866;382551;114741;242109;193452;240064;243906;240186;72180;242466;56744;228807;98403;15248;20706;620419;20926;66869;72836;319146;628900;431706;319601;22061;238393;75801;271047;12484;238395;67255;93806;50709;18991;22062;238568;246729;383548;22654;545652;11924;20248;240063;245595;214779;54388;27274;78242;18829;20726;21432;76572;20704;100041294;435791;72807;107970;74673;97848;235956;20709;545649;70887;105590;546049;105594;52668;20555;665433;668208;18011;69165;278672;20707;654801;65020;545645;243529;94187;14381;78321;353310;224893;50708,237877;329002;235469;56707;235682;217732;60599;76131;231866;382551;114741;242109;193452;240064;243906;240186;72180;242466;56744;228807;98403;15248;20706;620419;20926;66869;72836;319146
GAMETE GENERATION%GOBP%GO:0007276,-0.6941342446855528,-1.4752241928941725,0.02727272727272727,0.11027650714193242,145,20,229227;195434;75801;22446;22445;331416;54388;107970;100039065;100039030;546272;100043216;18011;100042109;627081;27084;574437;27083;22441;70691,70691
REGULATION OF MACROMOLECULE BIOSYNTHETIC PROCESS%GOBP%GO:0010556,0.6306063481271496,1.5788984854685986,0.012658227848101266,0.11060979857200905,859,62,237877;329002;235469;56707;235682;217732;60599;76131;231866;114741;242109;193452;240064;243906;240186;72180;14128;242466;56744;228807;98403;15248;620419;20926;66869;72836;431706;319601;22061;75801;67255;50709;18991;22062;22654;11924;240063;245595;214779;54388;27274;100041294;72807;107970;235956;70887;105590;105594;52668;20555;665433;18011;69165;278672;654801;65020;243529;94187;78321;353310;224893;50708,237877;329002;235469;56707;235682;217732;60599;76131;231866;114741;242109;193452;240064;243906;240186;72180;14128;242466;56744;228807;98403;15248;620419;20926;66869;72836
POSITIVE REGULATION OF MACROMOLECULE METABOLIC PROCESS%GOBP%GO:0010604,0.6761614806459969,1.6376259741943842,0.03488372093023256,0.11142392755558135,766,39,215257;237877;60599;382551;114741;242109;14128;242466;56744;20926;319146;22061;12484;50709;18991;22062;69677;241514;545652;11924;54448;245595;54388;18829;21432;76572;100041294;435791;107970;74673;545649;105590;668208;18011;69165;545645;243529;94187;50708,215257;237877;60599;382551;114741;242109;14128;242466;56744
HEMOPOIESIS%GOBP%GO:0030097,-0.7345662075815722,-1.52867488487653,0.018518518518518517,0.111744031607666,163,20,399568;319146;12484;243958;100041379;244234;546980;218921;545652;214766;15122;435791;20709;545649;668208;68723;654801;545645;14381;70691,70691
REGULATION OF PRIMARY METABOLIC PROCESS%GOBP%GO:0080090,0.5837407792538171,1.5857733076809701,0.011235955056179775,0.1118440147504071,1326,91,237877;329002;235469;56707;235682;217732;60599;76131;231866;382551;114741;242109;193452;240064;243906;240186;72180;242466;56744;228807;98403;15248;20706;620419;20926;66869;72836;319146;628900;431706;319601;22061;238393;75801;271047;12484;238395;67255;93806;50709;18991;22062;238568;246729;383548;22654;545652;11924;20248;240063;245595;214779;54388;27274;78242;18829;20726;21432;76572;20704;100041294;435791;72807;107970;74673;97848;235956;20709;545649;70887;105590;546049;105594;52668;20555;665433;668208;18011;69165;278672;20707;654801;65020;545645;243529;94187;14381;78321;353310;224893;50708,237877;329002;235469;56707;235682;217732;60599;76131;231866;382551;114741;242109;193452;240064;243906;240186;72180;242466;56744;228807;98403;15248;20706;620419;20926;66869;72836;319146
POSITIVE REGULATION OF CELL COMMUNICATION%GOBP%GO:0010647,0.7188964199511851,1.6326894632463738,0.02247191011235955,0.11190873929598026,406,21,215257;60599;382551;15248;213438;22061;331493;73244;12484;22062;210108;69677;22654;54448;18829;195208;546049;18011;27412;170639;94187,215257;60599;382551
REGULATION OF CYTOKINE PRODUCTION%GOBP%GO:0001817,0.7993440669973699,1.6204494869358952,0.03488372093023256,0.11335053434564427,162,15,215257;26888;320640;56744;230622;12484;244202;195564;69677;54448;230623;329918;170779;69165;230613,215257;26888;320640
RESPONSE TO STRESS%GOBP%GO:0006950,0.6896168489675167,1.7672366581971672,0.013157894736842105,0.11344594725334262,763,50,215257;240328;237877;240327;60599;26888;114741;56744;15248;244556;73174;72836;436440;22061;75801;19695;330490;12484;244202;243958;14468;116746;233001;22062;210108;239081;246729;75697;69677;54448;243864;16415;246084;237636;667281;13035;18829;432867;219033;74264;170779;271278;97895;109359;71007;667373;14381;270210;171210;246196,215257;240328;237877;240327;60599;26888
REGULATION OF INTRACELLULAR SIGNAL TRANSDUCTION%GOBP%GO:1902531,0.8312653658962974,1.8117067673043497,0.0,0.11344594725334263,408,22,215257;237877;15248;319146;213438;331493;73244;12484;243958;22062;69677;545652;54448;71406;18829;435791;545649;546049;668208;65020;545645;170639,215257;237877
REGULATION OF RNA METABOLIC PROCESS%GOBP%GO:0051252,0.601994457469566,1.587176973715839,0.06172839506172839,0.11352073034316024,798,59,329002;235469;56707;235682;217732;60599;76131;231866;114741;242109;193452;240064;243906;240186;72180;242466;56744;228807;98403;15248;620419;20926;66869;431706;319601;22061;75801;67255;50709;18991;22062;246729;22654;11924;240063;245595;214779;54388;27274;76572;100041294;72807;107970;235956;70887;105590;105594;52668;20555;665433;278672;654801;65020;243529;94187;78321;353310;224893;50708,329002;235469;56707;235682;217732;60599;76131;231866;114741;242109;193452;240064;243906;240186;72180;242466;56744;228807;98403;15248;620419;20926;66869
REGULATION OF CELLULAR BIOSYNTHETIC PROCESS%GOBP%GO:0031326,0.6277286978247537,1.6417555681662257,0.0,0.11355662622627272,898,61,237877;329002;235469;56707;235682;217732;60599;76131;231866;114741;242109;193452;240064;243906;240186;72180;242466;56744;228807;98403;15248;620419;20926;66869;72836;431706;319601;22061;75801;67255;50709;18991;22062;22654;11924;240063;245595;214779;54388;27274;100041294;72807;107970;235956;70887;105590;105594;52668;20555;665433;18011;69165;278672;654801;65020;243529;94187;78321;353310;224893;50708,237877;329002;235469;56707;235682;217732;60599;76131;231866;114741;242109;193452;240064;243906;240186;72180;242466;56744;228807;98403;15248;620419;20926;66869;72836
REGULATION OF NUCLEIC ACID-TEMPLATED TRANSCRIPTION%GOBP%GO:1903506,0.6039793320486904,1.5952024638034403,0.02531645569620253,0.1138412292995215,737,57,329002;235469;56707;235682;217732;60599;76131;231866;114741;242109;193452;240064;243906;240186;72180;242466;56744;228807;98403;15248;620419;20926;66869;431706;319601;22061;75801;67255;50709;18991;22062;22654;11924;240063;245595;214779;54388;27274;100041294;72807;107970;235956;70887;105590;105594;52668;20555;665433;278672;654801;65020;243529;94187;78321;353310;224893;50708,329002;235469;56707;235682;217732;60599;76131;231866;114741;242109;193452;240064;243906;240186;72180;242466;56744;228807;98403;15248;620419;20926;66869
RESPONSE TO BIOTIC STIMULUS%GOBP%GO:0009607,0.719866580069933,1.5904907936649761,0.025974025974025976,0.11436827202776002,265,26,215257;56744;436440;217304;238393;19695;12484;244202;14468;13088;116746;239081;246729;69677;54448;246084;15122;13035;432867;219033;16639;53973;170779;69165;667373;20556,215257
"REGULATION OF TRANSCRIPTION, DNA-TEMPLATED%GOBP%GO:0006355",0.6103555399242395,1.60171755062426,0.03488372093023256,0.11470366285482092,734,56,329002;235469;56707;235682;217732;60599;76131;231866;114741;242109;193452;240064;243906;240186;72180;242466;56744;228807;98403;15248;620419;20926;66869;431706;22061;75801;67255;50709;18991;22062;22654;11924;240063;245595;214779;54388;27274;100041294;72807;107970;235956;70887;105590;105594;52668;20555;665433;278672;654801;65020;243529;94187;78321;353310;224893;50708,329002;235469;56707;235682;217732;60599;76131;231866;114741;242109;193452;240064;243906;240186;72180;242466;56744;228807;98403;15248;620419;20926;66869
RESPONSE TO OTHER ORGANISM%GOBP%GO:0051707,0.719866580069933,1.6119781892400171,0.019417475728155338,0.11565952671194443,258,26,215257;56744;436440;217304;238393;19695;12484;244202;14468;13088;116746;239081;246729;69677;54448;246084;15122;13035;432867;219033;16639;53973;170779;69165;667373;20556,215257
PROTEIN METABOLIC PROCESS%GOBP%GO:0019538,-0.632337218730892,-1.4763619739559095,0.04424778761061947,0.1159308965894216,876,35,75763;98403;19054;67008;57775;50709;237300;16619;436523;214766;114671;67373;237636;13035;16622;328780;114228;13648;16613;381944;100040208;240755;100502936;83996;18011;109359;27366;13532;71007;76976;66381;56550;50708;66167;66268,66381;56550;50708;66167;66268
REGULATION OF CELLULAR MACROMOLECULE BIOSYNTHETIC PROCESS%GOBP%GO:2000112,0.63499131498674,1.6501864899988425,0.011764705882352941,0.11621292157659488,837,59,237877;329002;235469;56707;235682;217732;60599;76131;231866;114741;242109;193452;240064;243906;240186;72180;242466;56744;228807;98403;15248;620419;20926;66869;72836;431706;22061;75801;67255;50709;18991;22062;22654;11924;240063;245595;214779;54388;27274;100041294;72807;107970;235956;70887;105590;105594;52668;20555;665433;18011;278672;654801;65020;243529;94187;78321;353310;224893;50708,237877;329002;235469;56707;235682;217732;60599;76131;231866;114741;242109;193452;240064;243906;240186;72180;242466;56744;228807;98403;15248;620419;20926;66869;72836
CELLULAR RESPONSE TO STIMULUS%GOBP%GO:0051716,0.5675799594400693,1.6438875227340315,0.0,0.11690466515740794,1935,124,215257;240328;237877;240327;226691;60599;76131;320640;114741;56744;258571;15950;258335;15248;244556;72836;319146;436440;320832;213438;217304;22061;331493;258548;258336;258513;230622;623781;258323;75801;19695;258974;257936;245195;623121;12484;22296;14468;13088;116746;246735;22062;195564;18343;258543;235674;237300;66786;239081;258729;259008;259051;69677;258554;545652;258438;54448;18317;243864;258765;258861;16415;394430;71406;258443;18373;57270;258824;258450;237636;257941;13035;258503;259015;18829;258304;100042295;17071;57253;113853;230623;329918;432867;219033;258364;21432;258807;74556;72082;195208;74264;258831;435791;72303;494124;258508;80978;387514;545649;258853;259097;52668;258454;668208;18011;258478;257662;27412;100503710;230613;258019;65020;109359;545645;258247;100041546;170639;71007;94187;14381;270210;50780;353310;246196,215257;240328;237877;240327;226691;60599;76131;320640
CELL SURFACE RECEPTOR SIGNALING PATHWAY%GOBP%GO:0007166,0.6979176855838731,1.5956763945723584,0.0,0.11718950074950743,418,27,215257;320640;56744;15248;319146;22061;230622;12484;195564;69677;545652;54448;243864;16415;18829;230623;329918;74556;435791;545649;668208;18011;27412;230613;65020;545645;94187,215257
REGULATION OF MULTICELLULAR ORGANISMAL PROCESS%GOBP%GO:0051239,0.6458486454529357,1.6061401211678679,0.03571428571428571,0.11728400841140221,784,38,215257;237877;26888;320640;56744;12095;20926;67102;22061;73244;230622;19695;12484;244202;22062;195564;210108;69677;241514;11924;54448;71406;77424;230623;329918;21432;170779;18011;69165;230613;278672;21957;170639;94187;14381;574437;27083;353310,215257;237877;26888;320640
REGULATION OF DEVELOPMENTAL PROCESS%GOBP%GO:0050793,0.6473930967660706,1.6037479949187097,0.011904761904761904,0.11750994079061938,667,32,215257;237877;235682;60599;241950;56744;12095;20926;67102;22061;75311;73244;623781;19695;12484;22062;210108;69677;241514;11924;71406;68662;77424;21432;20755;18011;278672;14381;574437;27083;353310;246196,215257;237877;235682;60599
RESPONSE TO EXTERNAL BIOTIC STIMULUS%GOBP%GO:0043207,0.719866580069933,1.650993279945298,0.0,0.11923143902014278,259,26,215257;56744;436440;217304;238393;19695;12484;244202;14468;13088;116746;239081;246729;69677;54448;246084;15122;13035;432867;219033;16639;53973;170779;69165;667373;20556,215257
POSITIVE REGULATION OF RESPONSE TO STIMULUS%GOBP%GO:0048584,0.6443086957709647,1.654847018401988,0.012048192771084338,0.11977045999220493,515,46,215257;237877;60599;320640;382551;14128;15950;15248;436440;213438;15024;22061;331493;73244;230622;19695;12484;244202;14990;266815;22062;195564;210108;239081;75697;69677;22654;12480;54448;243864;13035;18829;230623;329918;74556;630294;195208;14985;224754;546049;18011;27412;230613;170639;94187;15039,215257;237877;60599;320640;382551
MULTICELLULAR ORGANISMAL REPRODUCTIVE PROCESS%GOBP%GO:0048609,-0.6941342446855528,-1.477820158367371,0.05555555555555555,0.12166560837427794,176,20,229227;195434;75801;22446;22445;331416;54388;107970;100039065;100039030;546272;100043216;18011;100042109;627081;27084;574437;27083;22441;70691,70691
POSITIVE REGULATION OF SIGNAL TRANSDUCTION%GOBP%GO:0009967,0.7188964199511851,1.5538037546352967,0.036585365853658534,0.12200426318340193,366,21,215257;60599;382551;15248;213438;22061;331493;73244;12484;22062;210108;69677;22654;54448;18829;195208;546049;18011;27412;170639;94187,215257;60599;382551
REGULATION OF NUCLEOBASE-CONTAINING COMPOUND METABOLIC PROCESS%GOBP%GO:0019219,0.6289463482073254,1.6764608176975293,0.011111111111111112,0.1226691949975168,876,61,237877;329002;235469;56707;235682;217732;60599;76131;231866;114741;242109;193452;240064;243906;240186;72180;242466;56744;228807;98403;15248;620419;20926;66869;72836;431706;319601;22061;75801;67255;50709;18991;22062;246729;22654;11924;240063;245595;214779;54388;27274;76572;100041294;72807;107970;235956;70887;105590;105594;52668;20555;665433;278672;654801;65020;243529;94187;78321;353310;224893;50708,237877;329002;235469;56707;235682;217732;60599;76131;231866;114741;242109;193452;240064;243906;240186;72180;242466;56744;228807;98403;15248;620419;20926;66869;72836
REGULATION OF BIOSYNTHETIC PROCESS%GOBP%GO:0009889,0.6306063481271496,1.6596398913934327,0.012195121951219513,0.12326870610088814,914,62,237877;329002;235469;56707;235682;217732;60599;76131;231866;114741;242109;193452;240064;243906;240186;72180;14128;242466;56744;228807;98403;15248;620419;20926;66869;72836;431706;319601;22061;75801;67255;50709;18991;22062;22654;11924;240063;245595;214779;54388;27274;100041294;72807;107970;235956;70887;105590;105594;52668;20555;665433;18011;69165;278672;654801;65020;243529;94187;78321;353310;224893;50708,237877;329002;235469;56707;235682;217732;60599;76131;231866;114741;242109;193452;240064;243906;240186;72180;14128;242466;56744;228807;98403;15248;620419;20926;66869;72836
POSITIVE REGULATION OF METABOLIC PROCESS%GOBP%GO:0009893,0.6742819671240804,1.6829042136226904,0.02247191011235955,0.12353726537343909,847,40,215257;237877;60599;382551;114741;242109;14128;242466;56744;20926;319146;22061;12484;50709;18991;22062;69677;241514;22654;545652;11924;54448;245595;54388;18829;21432;76572;100041294;435791;107970;74673;545649;105590;668208;18011;69165;545645;243529;94187;50708,215257;237877;60599;382551;114741;242109;14128;242466;56744
CELLULAR PROTEIN METABOLIC PROCESS%GOBP%GO:0044267,-0.6562860979444151,-1.4550431862228155,0.042735042735042736,0.12370888026379584,731,23,75763;98403;19054;57775;50709;237300;114671;13035;328780;381944;240755;100502936;18011;109359;27366;13532;71007;76976;66381;56550;50708;66167;66268,66381;56550;50708;66167;66268
POSITIVE REGULATION OF BIOLOGICAL PROCESS%GOBP%GO:0048518,0.5373486281368387,1.5464496198382252,0.03614457831325301,0.12394787252568641,1465,87,215257;237877;60599;668101;320640;382551;114741;242109;14128;242466;56744;15950;69810;15248;20926;319146;436440;320832;213438;67102;217304;15024;22061;331493;73244;230622;623781;19695;12484;244202;14990;266815;50709;18991;22062;195564;210108;239081;75697;69677;241514;22654;545652;11924;12480;54448;243864;245595;54388;68662;13035;18829;77424;230623;329918;219033;21432;76572;74556;100041294;630294;195208;14985;435791;107970;74673;224754;69582;545649;105590;546049;170779;668208;18011;69165;27412;230613;545645;243529;170639;94187;14381;574437;27083;15039;353310;50708,215257;237877;60599;668101;320640;382551;114741;242109;14128;242466;56744;15950;69810;15248;20926;319146;436440;320832;213438;67102
REGULATION OF METABOLIC PROCESS%GOBP%GO:0019222,0.6250108487913958,1.6914571592123588,0.0,0.12399503686074186,1482,98,215257;237877;329002;235469;56707;235682;217732;60599;76131;231866;382551;114741;242109;193452;240064;243906;240186;72180;14128;242466;56744;622675;228807;98403;15248;20706;620419;20926;66869;72836;319146;628900;431706;319601;22061;238393;75801;271047;12484;238395;67255;93806;50709;18991;22062;238568;246729;383548;69677;241514;22654;545652;11924;20248;54448;240063;245595;214779;54388;27274;78242;18829;20726;21432;76572;20704;100041294;434423;435791;72807;107970;74673;97848;235956;20709;545649;70887;105590;546049;105594;52668;20555;665433;668208;18011;69165;278672;20707;654801;65020;545645;243529;94187;14381;78321;353310;224893;50708,215257;237877;329002;235469;56707;235682;217732;60599;76131;231866;382551;114741;242109;193452;240064;243906;240186;72180;14128;242466;56744;622675;228807;98403;15248;20706;620419;20926;66869;72836;319146
POSITIVE REGULATION OF CELLULAR PROCESS%GOBP%GO:0048522,0.5646347715725898,1.5271932287821703,0.022727272727272728,0.12607026760318105,1299,64,215257;237877;60599;668101;382551;114741;242109;242466;56744;69810;15248;20926;319146;320832;213438;67102;217304;22061;331493;73244;623781;19695;12484;244202;50709;18991;22062;210108;69677;241514;22654;545652;11924;54448;245595;54388;68662;18829;77424;219033;21432;76572;100041294;195208;435791;107970;74673;69582;545649;105590;546049;170779;668208;18011;69165;27412;545645;243529;170639;94187;574437;27083;353310;50708,215257;237877;60599;668101;382551;114741;242109;242466;56744;69810;15248;20926;319146;320832;213438;67102
POSITIVE REGULATION OF SIGNALING%GOBP%GO:0023056,0.7188964199511851,1.5311195208801587,0.056818181818181816,0.12645661375203943,406,21,215257;60599;382551;15248;213438;22061;331493;73244;12484;22062;210108;69677;22654;54448;18829;195208;546049;18011;27412;170639;94187,215257;60599;382551
CELLULAR RESPONSE TO ORGANIC SUBSTANCE%GOBP%GO:0071310,0.8019295175004949,1.8337426517759674,0.01098901098901099,0.12658907528879085,483,28,215257;240328;240327;226691;60599;56744;15950;319146;217304;623121;14468;69677;545652;54448;71406;13035;18829;17071;219033;21432;435791;545649;668208;18011;545645;100041546;170639;353310,215257;240328;240327;226691;60599
RESPONSE TO CHEMICAL%GOBP%GO:0042221,0.6749765802561613,1.867448861137624,0.0,0.1272808188696039,970,66,215257;240328;240327;226691;60599;56744;15950;12095;319146;436440;628900;217304;15497;238393;19695;245195;623121;12484;22296;14468;76459;13088;116746;235674;171262;69677;171188;545652;11924;54448;243864;394430;71406;15122;13035;18829;100042295;17071;57253;113853;432867;219033;21432;72082;20704;20755;171267;20756;435791;72303;15495;171200;242607;387514;545649;668208;18011;171275;83885;13587;545645;100041546;170639;14381;353310;246196,215257;240328;240327;226691;60599
REGULATION OF CELL DIFFERENTIATION%GOBP%GO:0045595,0.6657370155533977,1.5335710402738372,0.02197802197802198,0.12776203179538692,465,23,215257;235682;60599;241950;56744;20926;67102;22061;19695;12484;22062;210108;69677;241514;11924;68662;77424;18011;278672;14381;574437;27083;353310,215257;235682;60599;241950
REGULATION OF BIOLOGICAL PROCESS%GOBP%GO:0050789,0.4915832417769782,1.5187544577829597,0.0,0.12783421373425435,3189,229,215257;237877;329002;235469;56707;235682;217732;229227;20557;60599;668101;76131;26888;231866;320640;382551;241950;207474;114741;242109;193452;240064;243906;240186;72180;14128;242466;56744;258571;15950;622675;258335;228807;98403;69810;12095;15248;20706;620419;20926;66869;72836;319146;436440;320832;213438;67102;628900;72611;217304;431706;319601;170942;15024;22061;331493;258548;75311;73244;258336;238393;258513;100463512;230622;623781;258323;19054;75801;271047;19695;258974;271375;257936;12484;238395;67255;26367;22296;244202;243958;14990;320148;93806;266815;50709;18991;246735;22062;195564;18343;258543;210108;237300;66786;239081;258729;238568;259008;246729;259051;383548;75697;69677;258554;241514;22654;545652;11924;258438;20248;12480;54448;240063;239849;18317;243864;258765;245595;258861;229588;16415;214779;71406;54388;68662;78081;258443;18373;57270;258824;258450;257941;13035;27274;258503;78242;100505386;259015;18829;258304;77424;17071;57253;113853;20726;230623;329918;320769;78478;219033;258364;21432;76572;258807;74556;20704;20755;100041294;630294;195208;434423;258831;14985;435791;72807;107970;494124;74673;258508;381944;97848;80978;224754;235956;20709;69582;387514;545649;70887;105590;546049;258853;105594;259097;52668;170779;20555;271278;665433;258454;668208;18011;258478;69165;257662;27412;381933;100503710;230613;278672;258019;20707;654801;65020;109359;21957;545645;13532;243529;219131;258247;100041546;170639;71007;94187;14381;574437;78321;27083;399591;15039;50780;99889;20556;353310;66381;224893;246196;50708,215257;237877;329002;235469;56707;235682;217732;229227;20557;60599;668101;76131;26888;231866;320640;382551;241950;207474;114741;242109;193452;240064;243906;240186;72180;14128;242466;56744;258571;15950;622675;258335;228807;98403;69810;12095;15248;20706;620419;20926;66869;72836;319146;436440;320832;213438;67102
REGULATION OF RNA BIOSYNTHETIC PROCESS%GOBP%GO:2001141,0.6039793320486904,1.5369679273189956,0.023529411764705882,0.12820314364402136,740,57,329002;235469;56707;235682;217732;60599;76131;231866;114741;242109;193452;240064;243906;240186;72180;242466;56744;228807;98403;15248;620419;20926;66869;431706;319601;22061;75801;67255;50709;18991;22062;22654;11924;240063;245595;214779;54388;27274;100041294;72807;107970;235956;70887;105590;105594;52668;20555;665433;278672;654801;65020;243529;94187;78321;353310;224893;50708,329002;235469;56707;235682;217732;60599;76131;231866;114741;242109;193452;240064;243906;240186;72180;242466;56744;228807;98403;15248;620419;20926;66869
RESPONSE TO OXYGEN-CONTAINING COMPOUND%GOBP%GO:1901700,0.6352273242931631,1.5140565664433607,0.07777777777777778,0.12874568762897273,352,25,215257;60599;56744;628900;217304;15497;238393;19695;69677;54448;243864;71406;13035;17071;219033;20704;20755;20756;15495;18011;100041546;170639;14381;353310;246196,215257;60599
POSITIVE REGULATION OF MULTICELLULAR ORGANISMAL PROCESS%GOBP%GO:0051240,0.7867736286459943,1.6607404917207154,0.024390243902439025,0.12888275137253943,453,20,215257;237877;56744;67102;22061;73244;12484;244202;22062;69677;241514;11924;54448;170779;18011;69165;170639;574437;27083;353310,215257;237877
SIGNAL TRANSDUCTION%GOBP%GO:0007165,0.5446038085760254,1.5065119538715248,0.0,0.12978173796946652,1474,91,215257;237877;76131;320640;56744;258571;258335;15248;319146;436440;320832;213438;22061;331493;258548;258336;258513;230622;623781;258323;19695;258974;257936;12484;22296;246735;22062;195564;18343;258543;237300;66786;239081;258729;259008;259051;69677;258554;545652;258438;54448;18317;243864;258765;258861;16415;258443;18373;57270;258824;258450;257941;258503;259015;18829;258304;17071;57253;113853;230623;329918;258364;258807;74556;195208;258831;435791;494124;258508;80978;387514;545649;258853;259097;52668;258454;668208;18011;258478;257662;27412;100503710;230613;258019;65020;545645;258247;100041546;170639;94187;50780,215257;237877;76131;320640;56744;258571;258335;15248;319146;436440;320832;213438
REGULATION OF CELLULAR PROCESS%GOBP%GO:0050794,0.4978459683969414,1.519325098969815,0.025974025974025976,0.13010426205659603,3020,208,215257;237877;329002;235469;56707;235682;217732;229227;20557;60599;668101;76131;231866;320640;382551;241950;207474;114741;242109;193452;240064;243906;240186;72180;242466;56744;258571;258335;228807;98403;69810;12095;15248;20706;620419;20926;66869;72836;319146;436440;320832;213438;67102;628900;72611;217304;431706;319601;170942;22061;331493;258548;75311;73244;258336;238393;258513;100463512;230622;623781;258323;19054;75801;271047;19695;258974;257936;12484;238395;67255;26367;22296;244202;243958;93806;50709;18991;246735;22062;195564;18343;258543;210108;237300;66786;239081;258729;238568;259008;246729;259051;383548;69677;258554;241514;22654;545652;11924;258438;20248;54448;240063;18317;243864;258765;245595;258861;229588;16415;214779;71406;54388;68662;258443;18373;57270;258824;258450;257941;27274;258503;78242;100505386;259015;18829;258304;77424;17071;57253;113853;20726;230623;329918;320769;78478;219033;258364;21432;76572;258807;74556;20704;20755;100041294;195208;258831;435791;72807;107970;494124;74673;258508;381944;97848;80978;235956;20709;69582;387514;545649;70887;105590;546049;258853;105594;259097;52668;170779;20555;271278;665433;258454;668208;18011;258478;69165;257662;27412;381933;100503710;230613;278672;258019;20707;654801;65020;109359;545645;13532;243529;258247;100041546;170639;71007;94187;14381;574437;78321;27083;399591;50780;99889;20556;353310;66381;224893;246196;50708,215257;237877;329002;235469;56707;235682;217732;229227;20557;60599;668101;76131;231866;320640;382551;241950;207474;114741;242109;193452;240064;243906;240186;72180;242466;56744;258571;258335;228807;98403;69810;12095;15248;20706;620419;20926;66869;72836;319146;436440;320832;213438;67102
MULTICELLULAR ORGANISM REPRODUCTION%GOBP%GO:0032504,-0.6941342446855528,-1.4778505335808771,0.026785714285714284,0.1310245013261455,177,20,229227;195434;75801;22446;22445;331416;54388;107970;100039065;100039030;546272;100043216;18011;100042109;627081;27084;574437;27083;22441;70691,70691
CELL COMMUNICATION%GOBP%GO:0007154,0.5446038085760254,1.5005386831465306,0.01098901098901099,0.13234490395178258,1572,91,215257;237877;76131;320640;56744;258571;258335;15248;319146;436440;320832;213438;22061;331493;258548;258336;258513;230622;623781;258323;19695;258974;257936;12484;22296;246735;22062;195564;18343;258543;237300;66786;239081;258729;259008;259051;69677;258554;545652;258438;54448;18317;243864;258765;258861;16415;258443;18373;57270;258824;258450;257941;258503;259015;18829;258304;17071;57253;113853;230623;329918;258364;258807;74556;195208;258831;435791;494124;258508;80978;387514;545649;258853;259097;52668;258454;668208;18011;258478;257662;27412;100503710;230613;258019;65020;545645;258247;100041546;170639;94187;50780,215257;237877;76131;320640;56744;258571;258335;15248;319146;436440;320832;213438
SEXUAL REPRODUCTION%GOBP%GO:0019953,-0.6631121842862643,-1.4808335175051,0.02608695652173913,0.1385484543793783,171,22,229227;102443351;195434;75801;22446;22445;331416;54388;78081;107970;100039065;100039030;546272;100043216;18011;100042109;627081;27084;574437;27083;22441;70691,70691
REGULATION OF CELL COMMUNICATION%GOBP%GO:0010646,0.6031091427792711,1.490082188260823,0.056818181818181816,0.13911732014129413,801,38,215257;237877;60599;382551;207474;56744;98403;15248;319146;213438;319601;22061;331493;73244;12484;243958;22062;210108;69677;22654;545652;54448;71406;18829;195208;435791;545649;546049;668208;18011;27412;65020;545645;170639;94187;50780;353310;66381,215257;237877;60599;382551;207474
REGULATION OF RESPONSE TO STIMULUS%GOBP%GO:0048583,0.513846395020454,1.4849224263424186,0.024096385542168676,0.1405119869971556,957,71,215257;237877;60599;320640;382551;207474;14128;56744;15950;98403;12095;15248;20926;319146;436440;213438;319601;15024;22061;331493;73244;230622;19695;271375;12484;244202;243958;14990;320148;266815;22062;195564;210108;239081;75697;69677;22654;545652;20248;12480;54448;239849;243864;71406;13035;18829;230623;329918;74556;630294;195208;14985;435791;224754;545649;546049;668208;18011;27412;230613;65020;545645;219131;170639;94187;14381;15039;50780;353310;66381;246196,215257;237877;60599;320640;382551;207474;14128;56744;15950;98403;12095;15248;20926;319146;436440;213438
DEFENSE RESPONSE%GOBP%GO:0006952,0.8251534639567593,1.89187125315028,0.011494252873563218,0.1411156904858652,314,30,215257;240328;240327;26888;56744;73174;19695;330490;12484;244202;243958;14468;116746;233001;22062;239081;246729;75697;69677;54448;16415;246084;667281;13035;18829;432867;219033;170779;97895;667373,215257;240328;240327
CELLULAR LIPID METABOLIC PROCESS%GOBP%GO:0044255,-0.6751069993469098,-1.4280267484725173,0.042735042735042736,0.1417757053921647,207,18,13088;320997;235674;11685;22239;320581;631304;217698;69117;171281;72082;72303;13118;74854;70902;105387;171210;66268,105387;171210;66268
REPRODUCTIVE PROCESS%GOBP%GO:0022414,-0.6278290635214927,-1.428893920100922,0.03571428571428571,0.1489448927631295,295,26,229227;102443351;22061;73244;195434;75801;22446;22445;331416;54388;78081;72807;107970;100039065;100039030;546272;100043216;18011;100042109;627081;27084;381196;574437;27083;22441;70691,70691
MULTI-ORGANISM REPRODUCTIVE PROCESS%GOBP%GO:0044703,-0.6507468655346516,-1.4087104062078888,0.045871559633027525,0.15046040856251017,200,23,229227;102443351;73244;195434;75801;22446;22445;331416;54388;78081;107970;100039065;100039030;546272;100043216;18011;100042109;627081;27084;574437;27083;22441;70691,70691
CELLULAR PROTEIN MODIFICATION PROCESS%GOBP%GO:0006464,-0.6305179841137071,-1.4109394475420018,0.10810810810810811,0.1556919691019721,572,21,75763;98403;19054;57775;50709;237300;114671;13035;328780;381944;240755;100502936;18011;109359;27366;13532;71007;66381;56550;50708;66268,66381;56550;50708;66268
REPRODUCTION%GOBP%GO:0000003,-0.6278290635214927,-1.3904657052884972,0.09734513274336283,0.1664201676716241,295,26,229227;102443351;22061;73244;195434;75801;22446;22445;331416;54388;78081;72807;107970;100039065;100039030;546272;100043216;18011;100042109;627081;27084;381196;574437;27083;22441;70691,70691
RESPONSE TO STIMULUS%GOBP%GO:0050896,0.4964102461978239,1.4492503750676184,0.04477611940298507,0.16893106394592738,2406,174,215257;240328;237877;240327;226691;60599;76131;26888;320640;114741;56744;258571;15950;258335;12095;15248;20706;244556;73174;72836;319146;436440;320832;213438;628900;217304;15024;22061;331493;258548;15497;73244;258336;238393;258513;230622;623781;258323;75801;19695;258974;257936;245195;330490;623121;12484;22296;244202;243958;14990;14468;76459;13088;266815;116746;233001;246735;22062;195564;18343;258543;235674;210108;237300;66786;239081;258729;259008;246729;259051;75697;171262;69677;258554;171188;545652;11924;258438;12480;54448;18317;243864;258765;258861;16415;394430;71406;246084;258443;15122;18373;57270;258824;258450;237636;257941;667281;13035;258503;259015;18829;258304;100042295;17071;57253;113853;230623;329918;432867;219033;258364;21432;258807;74556;72082;20704;20755;171267;20756;630294;195208;74264;258831;14985;435791;72303;15495;494124;258508;80978;224754;16639;171200;242607;387514;545649;53973;58210;258853;259097;52668;170779;271278;258454;668208;18011;258478;69165;171275;257662;27412;100503710;230613;83885;97895;258019;65020;13587;109359;545645;258247;100041546;170639;71007;667373;94187;14381;270210;15039;50780;20556;353310;171210;246196,215257;240328;237877;240327;226691;60599;76131;26888;320640;114741;56744;258571;15950;258335;12095;15248;20706;244556;73174;72836;319146;436440;320832;213438
REGULATION OF SIGNAL TRANSDUCTION%GOBP%GO:0009966,0.6031091427792711,1.445676198860172,0.1038961038961039,0.16959644343382382,702,38,215257;237877;60599;382551;207474;56744;98403;15248;319146;213438;319601;22061;331493;73244;12484;243958;22062;210108;69677;22654;545652;54448;71406;18829;195208;435791;545649;546049;668208;18011;27412;65020;545645;170639;94187;50780;353310;66381,215257;237877;60599;382551;207474
POSITIVE REGULATION OF GENE EXPRESSION%GOBP%GO:0010628,0.6542367990374974,1.441104512323453,0.1038961038961039,0.17023926768484235,481,24,215257;60599;114741;242109;242466;56744;20926;22061;50709;18991;22062;69677;241514;11924;54448;245595;54388;76572;100041294;107970;105590;243529;94187;50708,215257;60599;114741;242109;242466;56744
CELLULAR RESPONSE TO OXYGEN-CONTAINING COMPOUND%GOBP%GO:1901701,0.6979911804467225,1.4509872607574572,0.05434782608695652,0.17031715164733102,246,15,215257;60599;56744;217304;69677;54448;71406;13035;17071;219033;18011;100041546;170639;353310;246196,215257;60599
NEGATIVE REGULATION OF CELLULAR PROCESS%GOBP%GO:0048523,0.5278336307239208,1.4367758116890896,0.08823529411764706,0.17141405932547746,1194,74,215257;237877;56707;217732;20557;60599;76131;231866;241950;242109;240186;56744;98403;15248;20706;20926;66869;72836;628900;72611;431706;319601;170942;22061;75311;238393;100463512;19054;271047;19695;12484;238395;26367;243958;93806;50709;246735;22062;210108;238568;383548;22654;20248;71406;54388;27274;78242;100505386;77424;20726;78478;21432;20704;72807;107970;97848;20709;546049;52668;20555;665433;18011;20707;109359;243529;71007;94187;14381;399591;50780;20556;353310;66381;50708,215257;237877;56707;217732;20557;60599;76131;231866;241950;242109;240186;56744;98403;15248;20706;20926;66869;72836
POSITIVE REGULATION OF IMMUNE RESPONSE%GOBP%GO:0050778,0.6112956267267791,1.4328736886968891,0.07920792079207921,0.1715977682764475,144,26,237877;320640;382551;14128;15950;436440;15024;230622;19695;12484;244202;14990;266815;195564;239081;12480;243864;13035;230623;329918;74556;630294;14985;224754;230613;15039,237877;320640;382551;14128;15950
POSITIVE REGULATION OF IMMUNE SYSTEM PROCESS%GOBP%GO:0002684,0.6055115933054568,1.4304405313835158,0.08641975308641975,0.171641665277874,225,32,237877;668101;320640;382551;14128;56744;15950;436440;320832;217304;15024;230622;19695;12484;244202;14990;266815;195564;239081;69677;12480;243864;13035;18829;230623;329918;74556;630294;14985;224754;230613;15039,237877;668101;320640;382551;14128;56744;15950;436440;320832
BIOLOGICAL REGULATION%GOBP%GO:0065007,0.47214118666930716,1.427673855587895,0.0,0.17207945076987857,3371,249,215257;237877;329002;235469;56707;235682;217732;229227;20557;60599;668101;76131;26888;231866;399568;320640;382551;241950;207474;114741;242109;193452;240064;243906;240186;72180;14128;242466;56744;258571;15950;102443351;622675;258335;228807;98403;69810;12095;15248;20706;620419;20926;66869;72836;319146;436440;320832;213438;67102;628900;72611;217304;431706;319601;170942;15024;22061;331493;258548;75311;15497;73244;258336;238393;258513;100463512;230622;623781;258323;19054;75801;271047;19695;258974;271375;257936;78459;12484;238395;67255;26367;22296;244202;243958;14990;320148;76459;93806;266815;50709;18991;246735;22062;195564;18343;258543;235674;210108;237300;66786;239081;258729;238568;259008;246729;259051;383548;75697;69677;258554;241514;22654;545652;11924;258438;16619;20248;12480;54448;240063;239849;18317;243864;258765;245595;258861;229588;16415;214779;71406;54388;68662;78081;258443;15122;18373;57270;258824;258450;237636;257941;13035;27274;258503;78242;100505386;259015;18829;258304;69117;77424;16622;17071;57253;113853;20726;230623;329918;320769;78478;219033;258364;21432;76572;258807;74556;72082;20704;20755;100041294;630294;195208;434423;13648;258831;14985;435791;72807;107970;15495;83457;494124;74673;16613;258508;381944;97848;80978;224754;235956;20709;242607;69582;387514;545649;70887;105590;546049;258853;105594;259097;52668;170779;20555;271278;665433;258454;668208;18011;258478;69165;257662;27412;68723;381933;100503710;230613;278672;258019;20707;654801;65020;109359;21957;545645;13532;243529;219131;258247;100041546;170639;71007;94187;14381;574437;78321;27083;399591;15039;50780;105387;99889;20556;353310;66381;224893;246196;14325;50708,215257;237877;329002;235469;56707;235682;217732;229227;20557;60599;668101;76131;26888;231866;399568;320640;382551;241950;207474;114741;242109;193452;240064;243906;240186;72180;14128;242466;56744;258571;15950;102443351;622675;258335;228807;98403;69810;12095;15248;20706;620419;20926;66869;72836;319146;436440;320832;213438;67102
RESPONSE TO ORGANIC SUBSTANCE%GOBP%GO:0010033,0.7388820752923276,1.9089436644141375,0.0,0.18262030533464912,709,48,215257;240328;240327;226691;60599;56744;15950;319146;436440;628900;217304;15497;238393;19695;623121;12484;22296;14468;171262;69677;171188;545652;54448;243864;71406;15122;13035;18829;17071;113853;219033;21432;20704;20755;171267;20756;435791;15495;171200;545649;668208;18011;171275;545645;100041546;170639;14381;353310,215257;240328;240327;226691;60599
REGULATION OF SIGNALING%GOBP%GO:0023051,0.6031091427792711,1.404381320408669,0.10204081632653061,0.18563882277819702,805,38,215257;237877;60599;382551;207474;56744;98403;15248;319146;213438;319601;22061;331493;73244;12484;243958;22062;210108;69677;22654;545652;54448;71406;18829;195208;435791;545649;546049;668208;18011;27412;65020;545645;170639;94187;50780;353310;66381,215257;237877;60599;382551;207474
REGULATION OF CELLULAR COMPONENT ORGANIZATION%GOBP%GO:0051128,0.5635325648657526,1.4068041074149304,0.06172839506172839,0.18645150055145993,647,36,215257;229227;668101;98403;20926;72836;320832;67102;75311;623781;12484;50709;210108;241514;22654;54388;68662;100505386;78478;21432;20755;195208;107970;69582;271278;18011;69165;381933;243529;71007;14381;574437;27083;399591;99889;50708,215257;229227;668101
PROTEIN MODIFICATION PROCESS%GOBP%GO:0036211,-0.6305179841137071,-1.365498949157138,0.13559322033898305,0.18681763258965176,572,21,75763;98403;19054;57775;50709;237300;114671;13035;328780;381944;240755;100502936;18011;109359;27366;13532;71007;66381;56550;50708;66268,66381;56550;50708;66268
REGULATION OF IMMUNE SYSTEM PROCESS%GOBP%GO:0002682,0.5735590034165536,1.4092090096848697,0.12359550561797752,0.1870301706623324,338,39,237877;668101;320640;382551;14128;56744;15950;20926;436440;320832;217304;15024;230622;19695;12484;244202;243958;14990;320148;266815;195564;239081;69677;20248;12480;243864;13035;18829;230623;329918;74556;630294;14985;224754;20555;230613;278672;219131;15039,237877;668101;320640;382551;14128;56744;15950;20926;436440;320832
MACROMOLECULE MODIFICATION%GOBP%GO:0043412,-0.6159311962592902,-1.369704258093711,0.10833333333333334,0.1900694023591924,618,22,75763;98403;106248;19054;57775;50709;237300;114671;13035;328780;381944;240755;100502936;18011;109359;27366;13532;71007;66381;56550;50708;66268,66381;56550;50708;66268
ORGANONITROGEN COMPOUND METABOLIC PROCESS%GOBP%GO:1901564,-0.5649613523195897,-1.3524971324302955,0.045871559633027525,0.19635265179303502,1107,46,75894;75763;328099;98403;19054;67008;57775;320997;50709;237300;22239;16619;436523;214766;114671;67373;237636;217698;13035;100042295;16622;328780;171281;114228;13648;16613;381944;100040208;546049;240755;100502936;83996;18011;109359;27366;13532;71007;14381;76976;171210;66381;56550;50708;66167;66268;107197,171210;66381;56550;50708;66167;66268;107197
NEGATIVE REGULATION OF BIOLOGICAL PROCESS%GOBP%GO:0048519,0.5276227450355968,1.3755980006744106,0.08045977011494253,0.2077672190371476,1316,78,215257;237877;56707;217732;20557;60599;76131;26888;231866;241950;242109;240186;56744;98403;15248;20706;20926;66869;72836;436440;628900;72611;431706;319601;170942;22061;75311;238393;100463512;19054;271047;19695;12484;238395;26367;243958;93806;50709;246735;22062;210108;238568;246729;383548;22654;20248;243864;71406;54388;27274;78242;100505386;77424;20726;78478;21432;20704;72807;107970;97848;20709;546049;52668;20555;665433;18011;20707;109359;243529;71007;94187;14381;399591;50780;20556;353310;66381;50708,215257;237877;56707;217732;20557;60599;76131;26888;231866;241950;242109;240186;56744;98403;15248;20706;20926;66869;72836;436440
REGULATION OF IMMUNE EFFECTOR PROCESS%GOBP%GO:0002697,0.6596692561629247,1.3761872119925538,0.12941176470588237,0.21062043356099286,100,15,237877;14128;20926;15024;12484;243958;14990;266815;20248;12480;243864;630294;14985;224754;15039,237877
POSITIVE REGULATION OF NITROGEN COMPOUND METABOLIC PROCESS%GOBP%GO:0051173,0.5507968287227479,1.3348879957577284,0.10638297872340426,0.2456591986122223,733,34,237877;60599;382551;114741;242109;242466;56744;20926;319146;22061;12484;50709;18991;22062;545652;11924;245595;54388;18829;21432;76572;100041294;435791;107970;74673;545649;105590;668208;18011;69165;545645;243529;94187;50708,237877;60599;382551;114741;242109;242466;56744
POSITIVE REGULATION OF NUCLEOBASE-CONTAINING COMPOUND METABOLIC PROCESS%GOBP%GO:0045935,0.5854317882448602,1.316453900447564,0.11764705882352941,0.26337642736899713,453,21,237877;60599;114741;242109;242466;56744;20926;22061;50709;18991;22062;11924;245595;54388;76572;100041294;107970;105590;243529;94187;50708,237877;60599;114741;242109;242466;56744
POSITIVE REGULATION OF BIOSYNTHETIC PROCESS%GOBP%GO:0009891,0.5913751696063655,1.30941453627637,0.2087912087912088,0.2647072102577995,470,23,237877;60599;114741;242109;14128;242466;56744;20926;22061;50709;18991;22062;22654;11924;245595;54388;100041294;107970;105590;69165;243529;94187;50708,237877;60599;114741;242109;14128;242466;56744
REGULATION OF IMMUNE RESPONSE%GOBP%GO:0050776,0.5679716586917688,1.310554941853111,0.12941176470588237,0.26691559352048905,196,31,237877;320640;382551;14128;15950;20926;436440;15024;230622;19695;12484;244202;243958;14990;320148;266815;195564;239081;20248;12480;243864;13035;230623;329918;74556;630294;14985;224754;230613;219131;15039,237877;320640;382551;14128;15950;20926;436440
REGULATION OF CELL PROLIFERATION%GOBP%GO:0042127,0.5848441904247524,1.299367591525062,0.14606741573033707,0.26798520236147216,426,21,237877;20557;60599;56744;170942;22061;73244;19054;19695;12484;26367;243958;246735;22062;229588;219033;21432;20555;18011;20556;353310,237877;20557;60599
POSITIVE REGULATION OF CELLULAR METABOLIC PROCESS%GOBP%GO:0031325,0.5480159773874678,1.3028773073515567,0.12359550561797752,0.2685860281447329,776,35,237877;60599;382551;114741;242109;242466;56744;20926;319146;22061;12484;50709;18991;22062;22654;545652;11924;245595;54388;18829;21432;76572;100041294;435791;107970;74673;545649;105590;668208;18011;69165;545645;243529;94187;50708,237877;60599;382551;114741;242109;242466;56744
POSITIVE REGULATION OF MACROMOLECULE BIOSYNTHETIC PROCESS%GOBP%GO:0010557,0.5946013647108769,1.2830414718168002,0.14285714285714285,0.28048381824125534,437,22,237877;60599;114741;242109;14128;242466;56744;20926;22061;50709;18991;22062;11924;245595;54388;100041294;107970;105590;69165;243529;94187;50708,237877;60599;114741;242109;14128;242466;56744
POSITIVE REGULATION OF CELLULAR BIOSYNTHETIC PROCESS%GOBP%GO:0031328,0.5778118335959114,1.2833188792761814,0.14634146341463414,0.28400224453861184,458,22,237877;60599;114741;242109;242466;56744;20926;22061;50709;18991;22062;22654;11924;245595;54388;100041294;107970;105590;69165;243529;94187;50708,237877;60599;114741;242109;242466;56744
ANIMAL ORGAN DEVELOPMENT%GOBP%GO:0048513,-0.5182353244868725,-1.2831175690580803,0.1282051282051282,0.3003379264329508,727,41,229227;399568;12095;319146;67102;22061;15497;73244;12484;67255;243958;100041379;244234;18991;22062;546980;218921;545652;11924;214766;15122;268482;18829;20755;20756;435791;15495;230909;20709;545649;20763;668208;18011;68723;20765;244810;654801;545645;14381;353310;70691,70691
POSITIVE REGULATION OF DEVELOPMENTAL PROCESS%GOBP%GO:0051094,0.5911123245159505,1.240849151699125,0.19607843137254902,0.33257593976233324,371,15,237877;56744;67102;22061;73244;12484;22062;69677;241514;11924;68662;18011;574437;27083;353310,237877
NEGATIVE REGULATION OF GENE EXPRESSION%GOBP%GO:0010629,0.5396760931204,1.2243556368878497,0.21176470588235294,0.3493837193552756,399,23,56707;217732;60599;76131;231866;242109;240186;98403;15248;66869;431706;22061;50709;22654;27274;21432;72807;52668;20555;665433;94187;353310;50708,56707;217732;60599;76131;231866;242109;240186;98403;15248;66869
IMMUNE SYSTEM PROCESS%GOBP%GO:0002376,0.4549491357912686,1.2052435698161659,0.1643835616438356,0.3723857089217471,552,62,215257;237877;26888;399568;320640;382551;56744;15950;20706;73174;319146;217304;15024;230622;19695;245195;330490;12484;244202;243958;14990;14468;100041379;266815;244234;233001;195564;546980;239081;246729;69677;218921;545652;12480;54448;243864;246084;214766;15122;667281;13035;18829;230623;329918;219033;74556;630294;14985;435791;224754;20709;545649;58210;668208;68723;230613;654801;545645;667373;14381;15039;70691,215257;237877;26888;399568;320640;382551
NEGATIVE REGULATION OF BIOSYNTHETIC PROCESS%GOBP%GO:0009890,0.5199711917922123,1.2004374161912794,0.19736842105263158,0.37551300284437217,380,24,56707;217732;76131;231866;242109;240186;56744;98403;15248;66869;72836;431706;319601;22061;50709;22654;27274;72807;52668;20555;665433;94187;353310;50708,56707;217732;76131;231866;242109;240186;56744;98403;15248;66869;72836
NEGATIVE REGULATION OF NUCLEOBASE-CONTAINING COMPOUND METABOLIC PROCESS%GOBP%GO:0045934,0.4966031986686763,1.1863190656828282,0.25263157894736843,0.3925004317798575,359,26,56707;217732;76131;231866;242109;240186;98403;15248;66869;72836;431706;319601;22061;50709;22654;54388;27274;72807;107970;52668;20555;665433;243529;94187;353310;50708,56707;217732;76131;231866;242109;240186;98403;15248;66869;72836
NEGATIVE REGULATION OF CELLULAR BIOSYNTHETIC PROCESS%GOBP%GO:0031327,0.5071371572335794,1.14916978092896,0.2191780821917808,0.42210670365751696,372,23,56707;217732;76131;231866;242109;240186;98403;15248;66869;72836;431706;319601;22061;50709;22654;27274;72807;52668;20555;665433;94187;353310;50708,56707;217732;76131;231866;242109;240186;98403;15248;66869;72836
NEGATIVE REGULATION OF MACROMOLECULE METABOLIC PROCESS%GOBP%GO:0010605,0.47147933612389487,1.1591771004974134,0.18681318681318682,0.4222600458306037,613,48,56707;217732;60599;76131;231866;242109;240186;56744;98403;15248;20706;20926;66869;72836;628900;431706;319601;22061;238393;271047;238395;93806;50709;22062;238568;383548;22654;20248;54388;27274;78242;20726;21432;20704;72807;107970;97848;20709;546049;52668;20555;665433;20707;243529;94187;14381;353310;50708,56707;217732;60599;76131;231866;242109;240186;56744;98403;15248;20706;20926;66869;72836
NEGATIVE REGULATION OF METABOLIC PROCESS%GOBP%GO:0009892,0.47147933612389487,1.1516157701505447,0.2826086956521739,0.42354011617782256,678,48,56707;217732;60599;76131;231866;242109;240186;56744;98403;15248;20706;20926;66869;72836;628900;431706;319601;22061;238393;271047;238395;93806;50709;22062;238568;383548;22654;20248;54388;27274;78242;20726;21432;20704;72807;107970;97848;20709;546049;52668;20555;665433;20707;243529;94187;14381;353310;50708,56707;217732;60599;76131;231866;242109;240186;56744;98403;15248;20706;20926;66869;72836
CELLULAR RESPONSE TO STRESS%GOBP%GO:0033554,0.5604538270113976,1.1606035151057017,0.2839506172839506,0.4257473383404169,364,16,237877;60599;114741;15248;244556;72836;22061;75801;22062;237636;74264;109359;71007;14381;270210;246196,237877;60599;114741;15248;244556;72836
REGULATION OF MOLECULAR FUNCTION%GOBP%GO:0065009,0.48651563252809493,1.1517791301943006,0.23809523809523808,0.42822996732215846,631,29,14128;242466;20706;72836;628900;22061;238393;75801;271047;12484;238395;93806;22062;238568;246729;383548;11924;20248;78242;18829;20726;21432;20704;74673;97848;20709;18011;20707;21957,14128;242466;20706;72836;628900;22061;238393;75801;271047;12484;238395;93806;22062;238568;246729;383548
NEGATIVE REGULATION OF CELLULAR MACROMOLECULE BIOSYNTHETIC PROCESS%GOBP%GO:2000113,0.5213563349742613,1.1621544813682112,0.2235294117647059,0.429015994461332,344,22,56707;217732;76131;231866;242109;240186;98403;15248;66869;72836;431706;22061;50709;22654;27274;72807;52668;20555;665433;94187;353310;50708,56707;217732;76131;231866;242109;240186;98403;15248;66869;72836
NEGATIVE REGULATION OF RNA METABOLIC PROCESS%GOBP%GO:0051253,0.5000583900815905,1.1353229887324912,0.25,0.4350056711342203,326,22,56707;217732;76131;231866;242109;240186;98403;15248;66869;431706;319601;22061;50709;22654;27274;72807;52668;20555;665433;94187;353310;50708,56707;217732;76131;231866;242109;240186;98403;15248;66869
NEGATIVE REGULATION OF MOLECULAR FUNCTION%GOBP%GO:0044092,0.5215491124547528,1.1315725186614292,0.2564102564102564,0.4356139909573473,246,18,242466;20706;72836;628900;238393;271047;238395;93806;22062;238568;383548;20248;78242;20726;20704;97848;20709;20707,242466;20706;72836;628900;238393;271047;238395;93806;22062;238568;383548
"NEGATIVE REGULATION OF TRANSCRIPTION, DNA-TEMPLATED%GOBP%GO:0045892",0.5145293659983122,1.1289568962514651,0.27472527472527475,0.43602650324656483,303,21,56707;217732;76131;231866;242109;240186;98403;15248;66869;431706;22061;50709;22654;27274;72807;52668;20555;665433;94187;353310;50708,56707;217732;76131;231866;242109;240186;98403;15248;66869
NEGATIVE REGULATION OF MACROMOLECULE BIOSYNTHETIC PROCESS%GOBP%GO:0010558,0.5199711917922123,1.1367566416247088,0.29411764705882354,0.43796801532478086,352,24,56707;217732;76131;231866;242109;240186;56744;98403;15248;66869;72836;431706;319601;22061;50709;22654;27274;72807;52668;20555;665433;94187;353310;50708,56707;217732;76131;231866;242109;240186;56744;98403;15248;66869;72836
REGULATION OF RESPONSE TO STRESS%GOBP%GO:0080134,0.5054844591369158,1.1163527223197776,0.3291139240506329,0.4532123486640031,345,22,237877;382551;15950;15248;436440;22061;19695;271375;12484;244202;243958;320148;22062;210108;239081;75697;20248;239849;243864;71406;65020;246196,237877;382551;15950;15248;436440
REGULATION OF MULTICELLULAR ORGANISMAL DEVELOPMENT%GOBP%GO:2000026,0.5006168538938844,1.0967033558529475,0.3409090909090909,0.4776563015256853,529,21,237877;56744;12095;20926;67102;22061;73244;19695;12484;22062;210108;69677;241514;11924;71406;18011;278672;14381;574437;27083;353310,237877
NEGATIVE REGULATION OF CELLULAR METABOLIC PROCESS%GOBP%GO:0031324,0.4411593679375893,1.0926898961878104,0.34523809523809523,0.4787448100136566,610,45,56707;217732;76131;231866;242109;240186;98403;15248;20706;20926;66869;72836;628900;431706;319601;22061;238393;271047;238395;93806;50709;22062;238568;383548;22654;20248;54388;27274;78242;20726;20704;72807;107970;97848;20709;546049;52668;20555;665433;20707;243529;94187;14381;353310;50708,56707;217732;76131;231866;242109;240186;98403;15248;20706;20926;66869;72836;628900;431706;319601;22061
NEGATIVE REGULATION OF RNA BIOSYNTHETIC PROCESS%GOBP%GO:1902679,0.5000583900815905,1.0968181685258203,0.3258426966292135,0.48261387631693436,306,22,56707;217732;76131;231866;242109;240186;98403;15248;66869;431706;319601;22061;50709;22654;27274;72807;52668;20555;665433;94187;353310;50708,56707;217732;76131;231866;242109;240186;98403;15248;66869
NEGATIVE REGULATION OF NITROGEN COMPOUND METABOLIC PROCESS%GOBP%GO:0051172,0.4411593679375893,1.085166370877743,0.3493975903614458,0.4877656924208123,569,45,56707;217732;76131;231866;242109;240186;98403;15248;20706;20926;66869;72836;628900;431706;319601;22061;238393;271047;238395;93806;50709;22062;238568;383548;22654;20248;54388;27274;78242;20726;20704;72807;107970;97848;20709;546049;52668;20555;665433;20707;243529;94187;14381;353310;50708,56707;217732;76131;231866;242109;240186;98403;15248;20706;20926;66869;72836;628900;431706;319601;22061
NEGATIVE REGULATION OF NUCLEIC ACID-TEMPLATED TRANSCRIPTION%GOBP%GO:1903507,0.5000583900815905,1.0806382155312702,0.3522727272727273,0.491038103097571,306,22,56707;217732;76131;231866;242109;240186;98403;15248;66869;431706;319601;22061;50709;22654;27274;72807;52668;20555;665433;94187;353310;50708,56707;217732;76131;231866;242109;240186;98403;15248;66869
REGULATION OF TRANSPORT%GOBP%GO:0051049,0.5089458995282905,1.0731602706998924,0.35443037974683544,0.499325927619553,449,15,668101;69810;20926;72836;320832;75311;73244;244202;243958;22654;52668;170779;69165;170639;14381,668101;69810;20926;72836;320832;75311;73244;244202;243958
REGULATION OF PROTEOLYSIS%GOBP%GO:0030162,0.4883718145011412,1.0675641563003129,0.3076923076923077,0.5043439561927981,184,16,20706;628900;22061;238393;271047;238395;93806;238568;383548;20248;78242;20726;20704;97848;20709;20707,20706;628900;22061;238393;271047;238395;93806;238568;383548
REGULATION OF CATALYTIC ACTIVITY%GOBP%GO:0050790,0.47457365737197976,1.0639422826662555,0.3854166666666667,0.5048621350206072,463,26,14128;20706;72836;628900;22061;238393;271047;12484;238395;93806;22062;238568;246729;383548;20248;78242;18829;20726;21432;20704;74673;97848;20709;18011;20707;21957,14128;20706;72836;628900;22061;238393;271047;12484;238395;93806;22062;238568;246729;383548
NEGATIVE REGULATION OF RESPONSE TO STIMULUS%GOBP%GO:0048585,0.5121904444636398,1.05689941201631,0.38,0.5126847275776513,409,17,237877;56744;98403;15248;436440;319601;22061;12484;243958;22062;210108;20248;243864;71406;18011;50780;66381,237877
REGULATION OF PEPTIDASE ACTIVITY%GOBP%GO:0052547,0.4883718145011412,1.034509337616589,0.4583333333333333,0.5485933503836317,107,16,20706;628900;22061;238393;271047;238395;93806;238568;383548;20248;78242;20726;20704;97848;20709;20707,20706;628900;22061;238393;271047;238395;93806;238568;383548
NEGATIVE REGULATION OF CATALYTIC ACTIVITY%GOBP%GO:0043086,0.500781645882552,1.026823530649166,0.4235294117647059,0.5576930771914261,168,17,20706;72836;628900;238393;271047;238395;93806;22062;238568;383548;20248;78242;20726;20704;97848;20709;20707,20706;72836;628900;238393;271047;238395;93806;22062;238568;383548
REGULATION OF ENDOPEPTIDASE ACTIVITY%GOBP%GO:0052548,0.4937959557562898,1.0139922418044913,0.46153846153846156,0.5722893464578029,89,15,20706;628900;22061;238393;271047;238395;93806;238568;383548;20248;20726;20704;97848;20709;20707,20706;628900;22061;238393;271047;238395;93806;238568;383548
CELLULAR COMPONENT ASSEMBLY%GOBP%GO:0022607,-0.5255893201122673,-1.1480133927502025,0.2711864406779661,0.5739965572960869,493,19,60599;241950;56744;22061;50709;22062;93711;22239;54388;69325;195208;107970;18011;109359;21957;243529;353310;50708;107197,50708;107197
GENE EXPRESSION%GOBP%GO:0010467,-0.5361714357231635,-1.1392449444932375,0.297029702970297,0.5764112791364333,451,17,114741;20926;195434;106248;67008;16619;16622;100041294;13648;16613;22183;27366;76976;69499;69942;66381;66167,76976;69499;69942;66381;66167
MULTI-ORGANISM PROCESS%GOBP%GO:0051704,0.3839318818084934,1.0143459478202486,0.43037974683544306,0.576993962965113,493,50,215257;229227;56744;102443351;436440;217304;73244;238393;195434;75801;19695;12484;26367;244202;14468;13088;116746;22446;239081;246729;69677;22445;331416;54448;54388;246084;78081;15122;13035;432867;219033;107970;100039065;100039030;16639;53973;170779;546272;100043216;18011;100042109;69165;627081;27084;667373;574437;27083;22441;20556;70691,215257;229227
REGULATION OF HYDROLASE ACTIVITY%GOBP%GO:0051336,0.4583839750302787,0.9907550591494011,0.4358974358974359,0.6069854145149508,273,20,20706;72836;628900;22061;238393;271047;238395;93806;238568;246729;383548;20248;78242;18829;20726;20704;97848;20709;20707;21957,20706;72836;628900;22061;238393;271047;238395;93806;238568;246729;383548
CELLULAR MACROMOLECULE METABOLIC PROCESS%GOBP%GO:0044260,-0.4244688407587068,-1.022026334454498,0.4056603773584906,0.6088130069271915,989,33,237877;235682;114741;75763;98403;20926;72836;19054;75801;57775;50709;237300;114671;13035;219033;328780;74264;381944;240755;100502936;18011;109359;27366;13532;381196;71007;76976;66381;56550;50708;66167;66268;68195,66381;56550;50708;66167;66268;68195
CELLULAR BIOSYNTHETIC PROCESS%GOBP%GO:0044249,-0.47492101920168306,-0.991363669174508,0.49557522123893805,0.612993194853831,502,15,237877;75894;114741;328099;20926;320997;11685;22239;320581;240755;70902;14381;66167;66268;107197,66167;66268;107197
CATABOLIC PROCESS%GOBP%GO:0009056,-0.45645201539382696,-1.033171402695804,0.4392523364485981,0.615638890087602,459,26,75894;60599;546849;13088;57775;235674;329993;214766;101488143;15122;627085;544763;631304;353371;219033;230890;72082;72303;216635;244595;381944;83996;13532;171210;56550;68195,171210;56550;68195
SMALL MOLECULE METABOLIC PROCESS%GOBP%GO:0044281,-0.47178411767351985,-1.0234420490311158,0.4444444444444444,0.6205571454583919,389,22,75894;328099;13088;12352;235674;11685;320581;394430;631304;237636;217698;69117;353371;328780;171281;72082;72303;13118;14381;105387;171210;107197,107197
MACROMOLECULE METABOLIC PROCESS%GOBP%GO:0043170,-0.38274648374971565,-0.9802484454672304,0.5258620689655172,0.6205901769392296,1286,51,237877;235682;114741;75763;98403;20926;72836;195434;106248;19054;75801;67008;57775;50709;237300;16619;436523;214766;114671;67373;237636;13035;16622;219033;328780;100041294;114228;74264;13648;16613;381944;100040208;22183;240755;100502936;83996;18011;109359;27366;13532;381196;71007;76976;69499;69942;66381;56550;50708;66167;66268;68195,66381;56550;50708;66167;66268;68195
PRIMARY METABOLIC PROCESS%GOBP%GO:0044238,-0.3676062886678093,-0.9945884669912303,0.4411764705882353,0.6206178646605005,1631,79,237877;235682;75894;229227;114741;75763;328099;98403;20926;72836;15497;195434;106248;19054;75801;67008;13088;57775;320997;50709;12352;235674;237300;11685;22239;320581;16619;436523;394430;214766;114671;67373;631304;237636;217698;13035;69117;16622;70861;219033;328780;171281;72082;100041294;114228;74264;13648;72303;13118;74854;15495;16613;244595;381944;100040208;22183;240755;100502936;70902;83996;18011;109359;27366;13532;381196;71007;14381;76976;105387;69499;69942;171210;66381;56550;50708;66167;66268;68195;107197,69942;171210;66381;56550;50708;66167;66268;68195;107197
ORGANIC SUBSTANCE BIOSYNTHETIC PROCESS%GOBP%GO:1901576,-0.4655030227529859,-1.0059074319514107,0.452991452991453,0.6271021106159033,533,19,237877;75894;114741;328099;20926;15497;320997;12352;11685;22239;320581;237636;15495;240755;70902;14381;66167;66268;107197,66167;66268;107197
ORGANIC SUBSTANCE METABOLIC PROCESS%GOBP%GO:0071704,-0.36700074058466503,-1.0347960677475498,0.3821138211382114,0.6281603147783617,1722,82,237877;235682;75894;229227;114741;75763;328099;98403;20926;72836;15497;195434;106248;19054;75801;67008;13088;57775;320997;50709;12352;235674;237300;11685;22239;320581;16619;436523;394430;214766;114671;67373;631304;237636;217698;13035;100042295;69117;16622;70861;353371;219033;328780;171281;72082;100041294;114228;74264;13648;72303;13118;74854;15495;16613;244595;381944;100040208;22183;546049;240755;100502936;70902;83996;18011;109359;27366;13532;381196;71007;14381;76976;105387;69499;69942;171210;66381;56550;50708;66167;66268;68195;107197,69942;171210;66381;56550;50708;66167;66268;68195;107197
CELL CYCLE%GOBP%GO:0007049,-0.468604580454044,-1.054786475414868,0.3508771929824561,0.6307879860182108,315,26,237877;60599;195434;75801;57775;246735;22062;22446;22445;331416;74673;100039065;100039030;546272;20555;100043216;100042109;627081;27084;109359;381196;71007;574437;27083;22441;70691,70691
PROTEOLYSIS%GOBP%GO:0006508,-0.5030241648237797,-1.093140964996173,0.35294117647058826,0.6315066338327558,292,19,57775;16619;436523;214766;114671;67373;13035;16622;328780;114228;13648;16613;381944;100040208;83996;109359;13532;76976;56550,109359;13532;76976;56550
NEGATIVE REGULATION OF PROTEOLYSIS%GOBP%GO:0045861,0.47280978279221075,0.9754580443170787,0.4945054945054945,0.6324217200883855,82,15,20706;628900;238393;271047;238395;93806;238568;383548;20248;78242;20726;20704;97848;20709;20707,20706;628900;238393;271047;238395;93806;238568;383548
CELLULAR METABOLIC PROCESS%GOBP%GO:0044237,-0.3766742255283059,-0.9946839940984419,0.5,0.6345492206839465,1627,71,237877;235682;75894;60599;114741;75763;328099;98403;20926;72836;15497;195434;106248;19054;75801;13088;57775;320997;50709;235674;237300;11685;22239;320581;394430;101488143;114671;15122;544763;631304;217698;13035;100042295;69117;353371;219033;328780;171281;72082;100041294;74264;72303;13118;216635;74854;15495;381944;22183;546049;240755;100502936;70902;18011;109359;27366;13532;381196;71007;14381;76976;105387;69499;69942;171210;66381;56550;50708;66167;66268;68195;107197,69942;171210;66381;56550;50708;66167;66268;68195;107197
CELLULAR DEVELOPMENTAL PROCESS%GOBP%GO:0048869,-0.42253487693133157,-1.0815490671070385,0.36363636363636365,0.6396196543391015,943,63,229227;399568;12095;72836;319146;67102;624845;22061;195434;75801;12484;625029;243958;100041379;244234;18991;22062;22446;210108;546980;22239;218921;241514;545652;11924;22445;331416;54388;214766;15122;20755;20756;195208;435791;107970;100039065;100039030;20709;545649;105594;20763;546272;100043216;668208;18011;100042109;627081;68723;27084;20765;244810;654801;21957;545645;170639;94187;14381;574437;27083;22441;76976;353310;70691,70691
CELLULAR CATABOLIC PROCESS%GOBP%GO:0044248,-0.4818898384951765,-1.0371756398727987,0.39473684210526316,0.6400677285497869,405,19,75894;60599;13088;57775;235674;101488143;15122;544763;631304;353371;219033;72082;72303;216635;381944;13532;171210;56550;68195,171210;56550;68195
CELLULAR COMPONENT BIOGENESIS%GOBP%GO:0044085,-0.48421385821448815,-1.0573565486361536,0.3902439024390244,0.6428454297180833,578,23,60599;241950;56744;22061;195434;50709;22062;93711;22239;19428;54388;75471;69325;195208;107970;18011;109359;21957;243529;69499;353310;50708;107197,50708;107197
BIOSYNTHETIC PROCESS%GOBP%GO:0009058,-0.4655030227529859,-1.041872737322336,0.40336134453781514,0.6449117740707091,544,19,237877;75894;114741;328099;20926;15497;320997;12352;11685;22239;320581;237636;15495;240755;70902;14381;66167;66268;107197,66167;66268;107197
NEGATIVE REGULATION OF CELLULAR PROTEIN METABOLIC PROCESS%GOBP%GO:0032269,0.4160824660910188,0.9642285255840224,0.46808510638297873,0.6472414104474242,244,21,98403;20706;20926;628900;238393;271047;238395;93806;22062;238568;383548;20248;78242;20726;20704;97848;20709;546049;20555;20707;14381,98403;20706;20926;628900;238393;271047;238395;93806;22062;238568;383548
NEGATIVE REGULATION OF PEPTIDASE ACTIVITY%GOBP%GO:0010466,0.47280978279221075,0.9593599643837071,0.4939759036144578,0.6508228229315727,57,15,20706;628900;238393;271047;238395;93806;238568;383548;20248;78242;20726;20704;97848;20709;20707,20706;628900;238393;271047;238395;93806;238568;383548
REGULATION OF CELLULAR PROTEIN METABOLIC PROCESS%GOBP%GO:0032268,0.3890510515452493,0.9539115225182448,0.5517241379310345,0.6508372306828218,599,34,382551;98403;20706;20926;319146;628900;238393;271047;12484;238395;93806;22062;238568;383548;545652;20248;78242;18829;20726;21432;20704;435791;74673;97848;20709;545649;546049;20555;668208;18011;20707;65020;545645;14381,382551;98403;20706;20926;319146;628900;238393;271047;12484;238395;93806;22062
CELL DIFFERENTIATION%GOBP%GO:0030154,-0.4314094930472486,-1.093466398920901,0.29457364341085274,0.6517081661128613,915,62,229227;399568;12095;319146;67102;624845;22061;195434;75801;12484;625029;243958;100041379;244234;18991;22062;22446;210108;546980;22239;218921;241514;545652;11924;22445;331416;54388;214766;15122;20755;20756;195208;435791;107970;100039065;100039030;20709;545649;105594;20763;546272;100043216;668208;18011;100042109;627081;68723;27084;20765;244810;654801;21957;545645;170639;94187;14381;574437;27083;22441;76976;353310;70691,70691
REGULATION OF PROTEIN MODIFICATION PROCESS%GOBP%GO:0031399,0.44898149039727553,0.9546919894105549,0.47619047619047616,0.6549428223138096,408,19,382551;98403;20926;319146;12484;22062;545652;18829;21432;435791;74673;545649;546049;20555;668208;18011;65020;545645;14381,382551;98403;20926;319146
SYSTEM DEVELOPMENT%GOBP%GO:0048731,-0.362987782268782,-0.9415898139456801,0.591304347826087,0.6586674146636171,1024,54,237877;229227;399568;12095;319146;67102;624845;22061;15497;73244;12484;67255;625029;243958;100041379;244234;18991;22062;210108;546980;22239;218921;241514;545652;11924;214766;15122;268482;100505386;18829;219033;20755;20756;195208;435791;15495;230909;20709;545649;105594;20763;668208;18011;68723;20765;244810;654801;545645;94187;14381;574437;27083;353310;70691,70691
LIPID METABOLIC PROCESS%GOBP%GO:0006629,-0.42765137320564806,-0.9553122374952534,0.5714285714285714,0.6586886318848084,281,25,229227;15497;13088;320997;235674;11685;22239;320581;631304;237636;217698;69117;70861;171281;72082;72303;13118;74854;15495;244595;70902;14381;105387;171210;66268,105387;171210;66268
ORGANELLE ORGANIZATION%GOBP%GO:0006996,-0.4502411973110748,-1.0583946312668908,0.43243243243243246,0.6592814660063309,787,32,60599;241950;114741;242466;20926;72836;22061;75801;12484;50709;22062;93711;22239;22654;71886;54388;69325;100041294;195208;78617;107970;494124;69582;271278;665433;18011;109359;21957;243529;381196;50708;107197,50708;107197
METABOLIC PROCESS%GOBP%GO:0008152,-0.3452516390628934,-0.9478069079575683,0.5607476635514018,0.660522406002059,1866,93,237877;235682;75894;229227;60599;114741;75763;328099;98403;20926;72836;546849;15497;195434;106248;19054;75801;12484;67008;13088;57775;320997;50709;12352;235674;237300;11685;22239;320581;16619;329993;436523;394430;214766;101488143;114671;15122;627085;544763;67373;631304;237636;217698;13035;100042295;69117;16622;70861;353371;219033;328780;171281;230890;72082;100041294;114228;74264;13648;72303;13118;216635;74854;15495;16613;244595;381944;100040208;22183;53973;546049;240755;100502936;70902;83996;18011;109359;27366;13532;381196;71007;14381;76976;105387;69499;69942;171210;66381;56550;50708;66167;66268;68195;107197,69942;171210;66381;56550;50708;66167;66268;68195;107197
REGULATION OF TRANSCRIPTION BY RNA POLYMERASE II%GOBP%GO:0006357,0.39824371548149695,0.9404333215223133,0.48314606741573035,0.667085676888153,502,28,114741;242109;240064;242466;56744;98403;15248;620419;20926;22061;50709;18991;22062;22654;11924;240063;27274;100041294;235956;105590;105594;52668;20555;278672;654801;94187;78321;50708,114741;242109;240064;242466;56744;98403;15248;620419;20926
NITROGEN COMPOUND METABOLIC PROCESS%GOBP%GO:0006807,-0.3991876790611283,-1.0957635196118325,0.29914529914529914,0.6674206158475157,1483,63,237877;235682;75894;114741;75763;328099;98403;20926;72836;195434;106248;19054;75801;67008;57775;320997;50709;237300;22239;16619;436523;214766;114671;67373;237636;217698;13035;100042295;16622;219033;328780;171281;100041294;114228;74264;13648;16613;381944;100040208;22183;546049;240755;100502936;83996;18011;109359;27366;13532;381196;71007;14381;76976;105387;69499;69942;171210;66381;56550;50708;66167;66268;68195;107197,69942;171210;66381;56550;50708;66167;66268;68195;107197
CELLULAR PROCESS%GOBP%GO:0009987,0.3068475822995549,0.9416910285607205,0.5853658536585366,0.6691877990529815,3926,246,215257;240328;237877;240327;235682;75894;229227;226691;60599;76131;26888;399568;320640;241950;114741;75763;328099;242466;56744;258571;15950;102443351;258335;98403;69810;12095;15248;244556;20926;72836;319146;436440;320832;213438;67102;624845;217304;22061;331493;258548;15497;258336;258513;195434;230622;623781;106248;258323;19054;75801;19695;258974;257936;245195;78459;623121;12484;22296;625029;243958;14468;100041379;13088;57775;116746;244234;320997;50709;18991;246735;22062;22446;195564;18343;258543;235674;210108;237300;546980;66786;239081;11685;93711;258729;259008;259051;22239;69677;218921;258554;241514;320581;22654;545652;11924;258438;22445;331416;54448;18317;243864;74562;258765;71886;258861;16415;394430;71406;54388;214766;101488143;114671;78081;69325;258443;15122;18373;57270;544763;258824;258450;631304;237636;257941;217698;13035;258503;100505386;259015;18829;258304;100042295;69117;17071;57253;113853;353371;230623;329918;320769;432867;78478;219033;258364;328780;21432;171281;258807;74556;72082;20755;100041294;20756;195208;74264;258831;435791;72303;78617;13118;216635;74854;107970;15495;83457;494124;74673;100039065;258508;381944;100039030;80978;20709;22183;69582;387514;545649;546049;258853;105594;259097;52668;20763;546272;20555;240755;100502936;70902;271278;665433;100043216;258454;668208;83996;18011;258478;100042109;69165;627081;257662;27412;68723;100503710;27084;230613;20765;244810;258019;654801;65020;109359;21957;27366;545645;13532;243529;258247;100041546;170639;381196;71007;94187;14381;574437;27083;270210;399591;22441;76976;50780;105387;69499;99889;353310;69942;171210;66381;56550;246196;14325;50708;66167;66268;68195;107197;70691,215257;240328;237877;240327;235682;75894;229227;226691;60599;76131;26888;399568;320640
IMMUNE SYSTEM DEVELOPMENT%GOBP%GO:0002520,-0.5035672960864819,-1.0619771036299086,0.4051724137931034,0.6717757996832783,191,22,237877;399568;319146;12484;243958;100041379;244234;546980;218921;545652;214766;15122;18829;435791;20709;545649;668208;68723;654801;545645;14381;70691,70691
REGULATION OF LOCALIZATION%GOBP%GO:0032879,0.41777248520243193,0.9267526075715051,0.5125,0.6867193379629488,688,23,60599;668101;69810;20926;72836;320832;170942;75311;73244;244202;243958;22654;18829;77424;78478;69582;52668;170779;69165;170639;14381;399591;353310,60599;668101;69810;20926;72836;320832;170942;75311;73244
REGULATION OF PROTEIN METABOLIC PROCESS%GOBP%GO:0051246,0.39010794758892947,0.920828569476403,0.5647058823529412,0.6913586104724384,650,36,382551;98403;20706;20926;319146;628900;22061;238393;271047;12484;238395;93806;22062;238568;383548;545652;20248;78242;18829;20726;21432;20704;435791;74673;97848;20709;545649;546049;20555;668208;18011;69165;20707;65020;545645;14381,382551;98403;20706;20926;319146;628900;22061;238393;271047;12484;238395;93806;22062
NEGATIVE REGULATION OF HYDROLASE ACTIVITY%GOBP%GO:0051346,0.47280978279221075,0.9168887293261334,0.5542168674698795,0.6927692695708222,96,15,20706;628900;238393;271047;238395;93806;238568;383548;20248;78242;20726;20704;97848;20709;20707,20706;628900;238393;271047;238395;93806;238568;383548
POSITIVE REGULATION OF RNA BIOSYNTHETIC PROCESS%GOBP%GO:1902680,0.3999771628632903,0.8938166835015723,0.6,0.7335319879001309,378,19,60599;114741;242109;242466;56744;20926;22061;50709;18991;22062;11924;245595;54388;100041294;107970;105590;243529;94187;50708,60599;114741;242109;242466;56744;20926
NEGATIVE REGULATION OF PROTEIN METABOLIC PROCESS%GOBP%GO:0051248,0.4160824660910188,0.8902931072255447,0.6265060240963856,0.7339282147751903,260,21,98403;20706;20926;628900;238393;271047;238395;93806;22062;238568;383548;20248;78242;20726;20704;97848;20709;546049;20555;20707;14381,98403;20706;20926;628900;238393;271047;238395;93806;22062;238568;383548
NERVOUS SYSTEM PROCESS%GOBP%GO:0050877,0.35372176586588533,0.8847362600000633,0.6219512195121951,0.7396889678260576,806,46,233865;258571;258335;258548;258336;258513;258323;258974;257936;18343;258543;66786;258729;259008;259051;258554;258438;18317;258765;258861;258443;18373;57270;258824;258450;257941;258503;259015;258304;57253;113853;258364;258807;195208;258831;258508;387514;258853;259097;258454;258478;113863;257662;258019;258247;170639,233865;258571;258335;258548;258336;258513;258323;258974;257936;18343;258543;66786;258729;259008;259051
NUCLEIC ACID METABOLIC PROCESS%GOBP%GO:0090304,0.41884446976530765,0.8670193033872887,0.618421052631579,0.7719858361873804,475,17,237877;235682;114741;20926;72836;195434;106248;75801;219033;100041294;74264;22183;381196;69499;69942;66381;68195,237877;235682
CELLULAR COMPONENT ORGANIZATION%GOBP%GO:0016043,-0.35243657022514996,-0.8763377985686475,0.62,0.772406697111158,1238,44,60599;241950;114741;242466;56744;20926;72836;22061;623781;75801;78459;12484;50709;22062;210108;93711;22239;22654;11924;74562;71886;54388;214766;69325;78478;100041294;195208;78617;107970;494124;69582;271278;665433;83996;18011;109359;21957;243529;381196;399591;99889;353310;50708;107197,50708;107197
CELLULAR COMPONENT ORGANIZATION OR BIOGENESIS%GOBP%GO:0071840,-0.3356395118638246,-0.8450245552471433,0.7452830188679245,0.7847542877966215,1315,48,60599;241950;114741;242466;56744;20926;72836;22061;195434;623781;75801;78459;12484;50709;22062;210108;93711;22239;22654;11924;74562;19428;71886;54388;214766;75471;69325;78478;100041294;195208;78617;107970;494124;69582;271278;665433;83996;18011;109359;21957;243529;381196;399591;69499;99889;353310;50708;107197,69499;99889;353310;50708;107197
POSITIVE REGULATION OF RNA METABOLIC PROCESS%GOBP%GO:0051254,0.3997755406972022,0.8561922020005209,0.7012987012987013,0.7876272447584922,397,20,60599;114741;242109;242466;56744;20926;22061;50709;18991;22062;11924;245595;54388;76572;100041294;107970;105590;243529;94187;50708,60599;114741;242109;242466;56744;20926
CELLULAR NITROGEN COMPOUND METABOLIC PROCESS%GOBP%GO:0034641,-0.3679267392790845,-0.8493655377283861,0.6909090909090909,0.7917306168776447,773,29,237877;235682;75894;114741;328099;20926;72836;195434;106248;75801;320997;217698;100042295;219033;171281;100041294;74264;22183;546049;381196;14381;76976;69499;69942;171210;66381;66167;68195;107197,69942;171210;66381;66167;68195;107197
POSITIVE REGULATION OF NUCLEIC ACID-TEMPLATED TRANSCRIPTION%GOBP%GO:1903508,0.3999771628632903,0.8444127926282156,0.7176470588235294,0.7949472602085624,377,19,60599;114741;242109;242466;56744;20926;22061;50709;18991;22062;11924;245595;54388;100041294;107970;105590;243529;94187;50708,60599;114741;242109;242466;56744;20926
G PROTEIN-COUPLED RECEPTOR SIGNALING PATHWAY%GOBP%GO:0007186,0.3149076890934142,0.8458868064958494,0.618421052631579,0.7980358871331211,761,52,56744;258571;258335;436440;213438;331493;258548;258336;258513;258323;258974;257936;22296;18343;258543;66786;258729;259008;259051;258554;258438;18317;258765;258861;258443;18373;57270;258824;258450;257941;258503;259015;18829;258304;57253;113853;258364;258807;258831;258508;80978;387514;258853;259097;258454;258478;257662;100503710;258019;258247;170639;50780,56744;258571;258335;436440;213438;331493;258548;258336;258513;258323;258974;257936;22296;18343;258543;66786;258729;259008;259051
"POSITIVE REGULATION OF TRANSCRIPTION, DNA-TEMPLATED%GOBP%GO:0045893",0.3999771628632903,0.848132848133018,0.6206896551724138,0.8000865016505733,376,19,60599;114741;242109;242466;56744;20926;22061;50709;18991;22062;11924;245595;54388;100041294;107970;105590;243529;94187;50708,60599;114741;242109;242466;56744;20926
MULTICELLULAR ORGANISM DEVELOPMENT%GOBP%GO:0007275,-0.32109050298309666,-0.8515242396758992,0.7570093457943925,0.8029902173949126,1151,65,237877;229227;399568;243906;12095;15248;20926;319146;67102;624845;22061;15497;73244;195434;75801;12484;67255;625029;243958;100041379;244234;18991;22062;210108;546980;22239;218921;241514;545652;11924;54388;214766;15122;268482;100505386;18829;219033;20755;20756;195208;434423;435791;107970;15495;230909;20709;545649;105594;20763;668208;18011;27412;68723;20765;244810;654801;545645;13532;94187;14381;574437;27083;99650;353310;70691,70691
ANATOMICAL STRUCTURE DEVELOPMENT%GOBP%GO:0048856,-0.30737259791748717,-0.8205527024137534,0.8412698412698413,0.812982193226443,1259,77,237877;229227;399568;243906;12095;15248;20926;319146;67102;624845;22061;15497;73244;195434;75801;12484;67255;625029;243958;100041379;244234;18991;22062;22446;210108;546980;22239;218921;241514;545652;11924;22445;331416;54388;214766;15122;268482;100505386;18829;219033;20755;20756;195208;434423;435791;107970;15495;100039065;100039030;230909;20709;545649;105594;20763;546272;100043216;668208;18011;100042109;627081;27412;68723;27084;20765;244810;654801;21957;545645;13532;94187;14381;574437;27083;22441;99650;353310;70691,70691
DEVELOPMENTAL PROCESS%GOBP%GO:0032502,-0.29239711016787506,-0.7838939331132313,0.896551724137931,0.8560239441221619,1346,84,237877;229227;399568;243906;12095;15248;20926;72836;319146;67102;624845;170942;22061;15497;73244;195434;75801;12484;67255;625029;243958;100041379;244234;18991;22062;22446;210108;546980;22239;218921;241514;545652;11924;22445;331416;54388;214766;15122;268482;100505386;435285;18829;219033;21432;20755;20756;195208;434423;435791;72807;107970;15495;100039065;100039030;230909;20709;545649;105594;20763;546272;100043216;668208;18011;100042109;627081;27412;68723;27084;20765;244810;654801;21957;545645;13532;170639;94187;14381;574437;27083;22441;76976;99650;353310;70691,70691
NUCLEOBASE-CONTAINING COMPOUND METABOLIC PROCESS%GOBP%GO:0006139,0.3481851690898577,0.7973598723029102,0.8125,0.8772415394438963,627,24,237877;235682;75894;114741;328099;20926;72836;195434;106248;75801;217698;219033;171281;100041294;74264;22183;381196;14381;69499;69942;171210;66381;68195;107197,237877;235682;75894
ORGANIC CYCLIC COMPOUND METABOLIC PROCESS%GOBP%GO:1901360,0.33245937633285527,0.793271724110418,0.7432432432432432,0.8792390313839201,735,32,237877;235682;75894;114741;328099;20926;72836;15497;195434;106248;75801;13088;235674;320581;237636;217698;70861;219033;171281;100041294;74264;15495;22183;381196;14381;105387;69499;69942;171210;66381;68195;107197,237877;235682;75894
CELLULAR AROMATIC COMPOUND METABOLIC PROCESS%GOBP%GO:0006725,0.33908162653994717,0.7817998320008965,0.7411764705882353,0.8796404418339159,675,26,237877;235682;75894;114741;328099;20926;72836;195434;106248;75801;235674;217698;219033;171281;100041294;74264;22183;381196;14381;105387;69499;69942;171210;66381;68195;107197,237877;235682;75894
HOMEOSTATIC PROCESS%GOBP%GO:0042592,0.3601440404092158,0.7721350725142575,0.8152173913043478,0.881291882926544,397,18,399568;241950;102443351;69810;72836;213438;22061;331493;12484;26367;76459;15122;237636;320769;83457;68723;14381;14325,399568;241950;102443351;69810;72836;213438;22061;331493
SYSTEM PROCESS%GOBP%GO:0003008,0.2878028661981583,0.786409835482155,0.8160919540229885,0.8849306778546221,954,54,233865;258571;258335;258548;258336;258513;258323;258974;257936;18343;258543;66786;258729;259008;259051;75697;258554;258438;16619;18317;258765;258861;258443;18373;57270;258824;258450;237636;257941;258503;259015;258304;16622;57253;113853;258364;258807;195208;13648;258831;16613;258508;387514;258853;259097;258454;258478;113863;257662;258019;21957;258247;170639;14381,233865;258571;258335;258548;258336;258513;258323;258974;257936;18343;258543;66786;258729;259008;259051;75697
SENSORY PERCEPTION OF SMELL%GOBP%GO:0007608,0.3090784560914442,0.7824117792089086,0.7142857142857143,0.8852156135717189,569,40,258571;258335;258548;258336;258513;258323;258974;257936;18343;258543;66786;258729;259008;259051;258554;258438;18317;258765;258861;258443;18373;57270;258824;258450;257941;258503;259015;258304;258364;258807;258831;258508;258853;259097;258454;258478;257662;258019;258247;170639,258571;258335;258548;258336;258513;258323;258974;257936;18343;258543;66786;258729;259008;259051;258554
HETEROCYCLE METABOLIC PROCESS%GOBP%GO:0046483,0.3481851690898577,0.7737578851463253,0.8275862068965517,0.8853892146049805,657,24,237877;235682;75894;114741;328099;20926;72836;195434;106248;75801;217698;219033;171281;100041294;74264;22183;381196;14381;69499;69942;171210;66381;68195;107197,237877;235682;75894
SENSORY PERCEPTION OF CHEMICAL STIMULUS%GOBP%GO:0007606,0.28796548962851704,0.7496117514242856,0.8666666666666667,0.9101458950097714,620,44,258571;258335;258548;258336;258513;258323;258974;257936;18343;258543;66786;258729;259008;259051;258554;258438;18317;258765;258861;258443;18373;57270;258824;258450;257941;258503;259015;258304;57253;113853;258364;258807;258831;258508;387514;258853;259097;258454;258478;113863;257662;258019;258247;170639,258571;258335;258548;258336;258513;258323;258974;257936;18343;258543;66786;258729;259008;259051;258554
TRANSPORT%GOBP%GO:0006810,0.3005123221115794,0.725337925838988,0.9166666666666666,0.9376922308092166,897,28,229227;241950;102443351;20926;432838;12484;76459;22062;333669;93711;22654;19428;75471;237636;381417;83457;233274;242607;215929;170779;622307;328059;18011;69165;83885;76976;99889;99650,229227;241950;102443351;20926
MULTICELLULAR ORGANISMAL PROCESS%GOBP%GO:0032501,-0.24075526863906896,-0.6889006637413028,0.9913793103448276,0.9533902507531073,2082,134,237877;229227;233865;399568;241950;243906;56744;258571;258335;12095;15248;20926;319146;67102;624845;170942;22061;258548;15497;73244;258336;258513;195434;258323;75801;258974;257936;12484;67255;26367;625029;243958;100041379;244234;18991;22062;22446;18343;258543;210108;546980;66786;258729;259008;259051;75697;22239;218921;258554;241514;545652;11924;258438;16619;22445;331416;18317;258765;258861;54388;214766;258443;15122;18373;57270;258824;258450;268482;237636;257941;258503;100505386;435285;259015;18829;258304;16622;57253;113853;219033;258364;21432;258807;20755;20756;195208;434423;13648;258831;435791;107970;15495;16613;100039065;258508;100039030;230909;20709;387514;545649;258853;105594;259097;20763;546272;100043216;258454;668208;18011;258478;100042109;113863;627081;257662;27412;68723;27084;20765;244810;258019;654801;21957;545645;13532;258247;170639;94187;14381;574437;27083;22441;99650;353310;70691,70691
REGULATION OF ORGANELLE ORGANIZATION%GOBP%GO:0033043,-0.3190847974194445,-0.6678856721892465,0.8761061946902655,0.9535019203383247,334,18,98403;20926;72836;75311;623781;50709;22654;54388;100505386;78478;195208;107970;381933;243529;71007;399591;99889;50708,399591;99889;50708
SENSORY PERCEPTION%GOBP%GO:0007600,0.2877194913854379,0.705133058534886,0.9294117647058824,0.9556592436898342,722,45,258571;258335;258548;258336;258513;258323;258974;257936;18343;258543;66786;258729;259008;259051;258554;258438;18317;258765;258861;258443;18373;57270;258824;258450;257941;258503;259015;258304;57253;113853;258364;258807;195208;258831;258508;387514;258853;259097;258454;258478;113863;257662;258019;258247;170639,258571;258335;258548;258336;258513;258323;258974;257936;18343;258543;66786;258729;259008;259051;258554;258438;18317;258765;258861;258443;18373;57270;258824;258450;257941;258503;259015;258304;57253;113853;258364;258807;195208;258831;258508;387514;258853;259097;258454;258478;113863;257662;258019;258247;170639
CELLULAR LOCALIZATION%GOBP%GO:0051641,-0.30330959943286157,-0.6061420716094192,0.9811320754716981,0.9712596556337116,551,16,229227;241950;12484;93711;22239;19428;75471;78478;83457;242607;69582;245423;399591;76976;99889;14325,399591;76976;99889;14325
ESTABLISHMENT OF LOCALIZATION%GOBP%GO:0051234,0.3005123221115794,0.6796547421061135,0.9010989010989011,0.9748972865592126,935,28,229227;241950;102443351;20926;432838;12484;76459;22062;333669;93711;22654;19428;75471;237636;381417;83457;233274;242607;215929;170779;622307;328059;18011;69165;83885;76976;99889;99650,229227;241950;102443351;20926
REGULATION OF PROTEIN PHOSPHORYLATION%GOBP%GO:0001932,0.30389624663407094,0.6689379062545688,0.8717948717948718,0.9768843539040972,323,15,319146;12484;22062;545652;18829;21432;435791;74673;545649;546049;20555;668208;18011;65020;545645,319146;12484;22062;545652;18829;21432;435791;74673;545649;546049;20555;668208;18011;65020;545645
REGULATION OF PHOSPHORYLATION%GOBP%GO:0042325,0.30389624663407094,0.6188485215711373,0.8918918918918919,0.989063929677063,347,15,319146;12484;22062;545652;18829;21432;435791;74673;545649;546049;20555;668208;18011;65020;545645,319146;12484;22062;545652;18829;21432;435791;74673;545649;546049;20555;668208;18011;65020;545645
REGULATION OF PHOSPHORUS METABOLIC PROCESS%GOBP%GO:0051174,0.30389624663407094,0.604607456551661,0.9529411764705882,0.9894700179950078,390,15,319146;12484;22062;545652;18829;21432;435791;74673;545649;546049;20555;668208;18011;65020;545645,319146;12484;22062;545652;18829;21432;435791;74673;545649;546049;20555;668208;18011;65020;545645
REGULATION OF BIOLOGICAL QUALITY%GOBP%GO:0065008,0.242206309877522,0.6189887294080304,0.975609756097561,0.9961709079865361,994,51,229227;399568;241950;56744;102443351;69810;72836;213438;22061;331493;15497;73244;623781;78459;12484;26367;76459;22062;235674;210108;75697;241514;22654;16619;15122;237636;69117;16622;320769;78478;21432;72082;20755;195208;13648;15495;83457;16613;242607;18011;68723;170639;71007;94187;14381;574437;27083;399591;105387;99889;14325,229227;399568;241950;56744;102443351;69810;72836;213438;22061;331493;15497;73244
NERVOUS SYSTEM DEVELOPMENT%GOBP%GO:0007399,0.22946227528865776,0.4686855765772517,1.0,0.9966331920821966,542,20,67102;624845;22061;15497;12484;625029;18991;22062;210108;22239;241514;11924;100505386;195208;15495;105594;18011;94187;574437;27083,67102;624845;22061;15497;12484;625029;18991;22062;210108;22239;241514;11924
REGULATION OF PHOSPHATE METABOLIC PROCESS%GOBP%GO:0019220,0.30389624663407094,0.6234391408849135,0.9591836734693877,1.0,390,15,319146;12484;22062;545652;18829;21432;435791;74673;545649;546049;20555;668208;18011;65020;545645,319146;12484;22062;545652;18829;21432;435791;74673;545649;546049;20555;668208;18011;65020;545645
NEUROGENESIS%GOBP%GO:0022008,0.2411482595985268,0.4748807979279019,0.9880952380952381,1.0,427,15,67102;624845;12484;625029;18991;22062;210108;22239;241514;11924;195208;105594;18011;574437;27083,67102;624845;12484;625029;18991;22062;210108;22239;241514;11924
LOCALIZATION%GOBP%GO:0051179,0.19165663917035747,0.5009265606930128,1.0,1.0,1207,45,229227;241950;56744;102443351;20926;432838;245195;12484;76459;116746;22062;210108;333669;93711;22239;22654;11924;19428;16415;75471;237636;18829;381417;432867;78478;195208;107970;83457;233274;242607;69582;215929;170779;622307;245423;328059;18011;69165;83885;170639;399591;76976;99889;99650;14325,229227;241950;56744;102443351;20926
